0.804312 0.874414 0.884396 0.879234 0.873220 0.867500 0.862186 0.857343 0.852623 0.847677 0.842766 0.838184 0.833912 0.829859 0.826071 0.822512 0.818824 0.814678 0.810368 0.806224 0.802279 0.798478 0.794852 0.791409 0.788032 0.784607 0.781232 0.778012 0.774942 0.771987 0.769175 0.766467 0.763592 0.760305 0.756843 0.753466 0.750205 0.747026 0.743949 0.740985 0.738081 0.735183 0.732332 0.729574 0.726904 0.724304 0.721788 0.719349 0.716906 0.714386 0.711858 0.709400 0.707012 0.704675 0.702407 0.700216 0.698055 0.695878 0.693739 0.691692 0.689719 0.687797 0.685953 0.684130 0.681993 0.679240 0.676171 0.673127 0.670162 0.667245 0.664393 0.661616 0.658862 0.656079 0.653311 0.650605 0.647958 0.645352 0.642797 0.640283 0.637725 0.635050 0.632328 0.629642 0.626999 0.624387 0.621810 0.619275 0.616769 0.614281 0.611824 0.609407 0.607021 0.604657 0.602323 0.600011 0.597647 0.595165 0.592630 0.590113
0.874407 0.968617 0.983241 0.977149 0.969523 0.962191 0.955268 0.948785 0.942456 0.936005 0.929629 0.923582 0.917880 0.912460 0.907327 0.902401 0.897357 0.891923 0.886331 0.880876 0.875629 0.870569 0.865715 0.861056 0.856492 0.851928 0.847442 0.843123 0.838976 0.834975 0.831120 0.827340 0.823387 0.819064 0.814556 0.810101 0.805760 0.801525 0.797411 0.793424 0.789517 0.785646 0.781841 0.778143 0.774551 0.771052 0.767649 0.764326 0.761012 0.757648 0.754286 0.750993 0.747781 0.744642 0.741586 0.738613 0.735681 0.732754 0.729877 0.727093 0.724393 0.721750 0.719158 0.716522 0.713533 0.709947 0.706007 0.702024 0.698092 0.694209 0.690395 0.686655 0.682946 0.679225 0.675528 0.671899 0.668337 0.664829 0.661375 0.657954 0.654490 0.650923 0.647310 0.643723 0.640181 0.636679 0.633222 0.629810 0.626436 0.623093 0.619789 0.616529 0.613308 0.610115 0.606954 0.603806 0.600602 0.597291 0.593924 0.590564
0.884376 0.983223 1.000000 0.994815 0.987570 0.980394 0.973431 0.966729 0.960169 0.953634 0.947206 0.941014 0.935090 0.929411 0.923949 0.918615 0.913230 0.907661 0.902008 0.896428 0.890997 0.885733 0.880642 0.875710 0.870882 0.866114 0.861437 0.856896 0.852498 0.848224 0.844049 0.839903 0.835647 0.831186 0.826604 0.822028 0.817526 0.813116 0.808811 0.804614 0.800500 0.796446 0.792467 0.788582 0.784792 0.781088 0.777466 0.773910 0.770381 0.766853 0.763345 0.759889 0.756502 0.753188 0.749948 0.746776 0.743647 0.740547 0.737494 0.734510 0.731585 0.728694 0.725799 0.722803 0.719530 0.715864 0.711921 0.707874 0.703817 0.699781 0.695786 0.691843 0.687931 0.684029 0.680157 0.676337 0.672575 0.668864 0.665195 0.661542 0.657864 0.654131 0.650370 0.646621 0.642905 0.639225 0.635584 0.631982 0.628417 0.624887 0.621395 0.617941 0.614521 0.611129 0.607760 0.604391 0.600985 0.597518 0.594011 0.590500
0.879197 0.977110 0.994791 0.990826 0.984536 0.977975 0.971392 0.964948 0.958620 0.952352 0.946193 0.940211 0.934414 0.928772 0.923278 0.917885 0.912501 0.907056 0.901593 0.896189 0.890886 0.885696 0.880636 0.875711 0.870891 0.866150 0.861506 0.856978 0.852556 0.848212 0.843930 0.839671 0.835366 0.830965 0.826506 0.822048 0.817635 0.813283 0.809014 0.804835 0.800736 0.796704 0.792748 0.788876 0.785082 0.781357 0.777698 0.774100 0.770545 0.767020 0.763530 0.760087 0.756698 0.753369 0.750103 0.746895 0.743728 0.740593 0.737501 0.734460 0.731449 0.728431 0.725376 0.722225 0.718879 0.715275 0.711474 0.707569 0.703614 0.699635 0.695668 0.691737 0.687833 0.683947 0.680088 0.676273 0.672503 0.668773 0.665075 0.661392 0.657699 0.653980 0.650249 0.646527 0.642828 0.639159 0.635521 0.631914 0.628340 0.624798 0.621288 0.617811 0.614364 0.610941 0.607533 0.604125 0.600697 0.597238 0.593759 0.590273
0.873166 0.969460 0.987520 0.984509 0.979108 0.973202 0.967103 0.961055 0.955069 0.949103 0.943209 0.937450 0.931814 0.926264 0.920817 0.915472 0.910167 0.904853 0.899557 0.894327 0.889173 0.884090 0.879106 0.874239 0.869467 0.864771 0.860164 0.855663 0.851241 0.846862 0.842528 0.838232 0.833930 0.829589 0.825230 0.820887 0.816577 0.812306 0.808099 0.803971 0.799915 0.795923 0.792001 0.788156 0.784377 0.780653 0.776988 0.773383 0.769828 0.766315 0.762846 0.759422 0.756046 0.752716 0.749440 0.746215 0.743028 0.739864 0.736735 0.733646 0.730565 0.727450 0.724291 0.721061 0.717691 0.714131 0.710425 0.706639 0.702792 0.698889 0.694978 0.691091 0.687227 0.683373 0.679541 0.675747 0.671989 0.668261 0.664561 0.660880 0.657200 0.653506 0.649809 0.646125 0.642460 0.638818 0.635199 0.631608 0.628043 0.624505 0.620994 0.617511 0.614055 0.610619 0.607196 0.603776 0.600348 0.596907 0.593456 0.590003
0.867431 0.962107 0.980320 0.977922 0.973175 0.967932 0.962431 0.956865 0.951261 0.945607 0.939958 0.934381 0.928890 0.923472 0.918140 0.912894 0.907697 0.902513 0.897361 0.892269 0.887245 0.882282 0.877401 0.872611 0.867899 0.863247 0.858668 0.854175 0.849750 0.845365 0.841024 0.836726 0.832445 0.828158 0.823877 0.819620 0.815396 0.811208 0.807073 0.803004 0.798995 0.795041 0.791149 0.787323 0.783558 0.779849 0.776196 0.772601 0.769054 0.765550 0.762090 0.758677 0.755307 0.751980 0.748699 0.745460 0.742251 0.739059 0.735887 0.732740 0.729592 0.726412 0.723193 0.719916 0.716531 0.713002 0.709359 0.705646 0.701876 0.698054 0.694214 0.690384 0.686563 0.682746 0.678944 0.675170 0.671425 0.667707 0.664014 0.660339 0.656673 0.653006 0.649343 0.645692 0.642056 0.638438 0.634840 0.631265 0.627712 0.624179 0.620669 0.617184 0.613723 0.610279 0.606846 0.603418 0.599992 0.596564 0.593135 0.589708
0.862103 0.955164 0.973336 0.971316 0.967050 0.962405 0.957520 0.952484 0.947295 0.941937 0.936496 0.931076 0.925731 0.920471 0.915294 0.910187 0.905119 0.900065 0.895039 0.890065 0.885156 0.880314 0.875548 0.870855 0.866212 0.861601 0.857040 0.852549 0.848125 0.843755 0.839435 0.835159 0.830911 0.826675 0.822459 0.818272 0.814121 0.810012 0.805952 0.801948 0.797991 0.794074 0.790206 0.786397 0.782650 0.778962 0.775333 0.771757 0.768225 0.764730 0.761275 0.757866 0.754500 0.751176 0.747895 0.744648 0.741419 0.738194 0.734976 0.731770 0.728565 0.725344 0.722095 0.718796 0.715405 0.711895 0.708290 0.704623 0.700911 0.697162 0.693398 0.689630 0.685859 0.682079 0.678304 0.674548 0.670820 0.667118 0.663437 0.659774 0.656123 0.652483 0.648851 0.645230 0.641621 0.638026 0.634448 0.630891 0.627352 0.623826 0.620319 0.616835 0.613372 0.609922 0.606482 0.603050 0.599626 0.596211 0.592803 0.589397
0.857245 0.948663 0.966615 0.964853 0.960984 0.956820 0.952466 0.947963 0.943208 0.938111 0.932838 0.927581 0.922407 0.917321 0.912316 0.907375 0.902456 0.897527 0.892613 0.887751 0.882952 0.878220 0.873564 0.868977 0.864414 0.859840 0.855290 0.850809 0.846401 0.842056 0.837769 0.833533 0.829328 0.825142 0.820981 0.816859 0.812776 0.808736 0.804746 0.800809 0.796909 0.793029 0.789185 0.785397 0.781671 0.778008 0.774405 0.770854 0.767340 0.763853 0.760403 0.756998 0.753636 0.750315 0.747034 0.743785 0.740542 0.737280 0.734012 0.730758 0.727512 0.724262 0.720999 0.717699 0.714316 0.710814 0.707226 0.703594 0.699931 0.696241 0.692541 0.688838 0.685121 0.681375 0.677622 0.673886 0.670178 0.666496 0.662835 0.659189 0.655557 0.651939 0.648334 0.644742 0.641159 0.637585 0.634026 0.630487 0.626962 0.623446 0.619945 0.616465 0.613003 0.609551 0.606108 0.602673 0.599254 0.595855 0.592468 0.589084
0.852513 0.942321 0.960044 0.958515 0.954988 0.951207 0.947268 0.943200 0.938830 0.934003 0.928944 0.923900 0.918935 0.914042 0.909219 0.904451 0.899687 0.894886 0.890086 0.885334 0.880641 0.876007 0.871444 0.866948 0.862460 0.857930 0.853410 0.848958 0.844582 0.840274 0.836028 0.831837 0.827682 0.823546 0.819440 0.815378 0.811359 0.807381 0.803452 0.799578 0.795734 0.791895 0.788083 0.784325 0.780628 0.776994 0.773417 0.769889 0.766393 0.762917 0.759473 0.756073 0.752715 0.749393 0.746109 0.742854 0.739595 0.736303 0.732999 0.729711 0.726435 0.723164 0.719890 0.716591 0.713215 0.709721 0.706150 0.702552 0.698933 0.695292 0.691644 0.687998 0.684331 0.680622 0.676896 0.673187 0.669504 0.665848 0.662210 0.658586 0.654974 0.651377 0.647795 0.644227 0.640667 0.637113 0.633572 0.630048 0.626537 0.623032 0.619541 0.616069 0.612613 0.609165 0.605725 0.602297 0.598888 0.595506 0.592140 0.588778
0.847563 0.935864 0.953505 0.952248 0.949023 0.945553 0.941908 0.938102 0.934005 0.929512 0.924791 0.920038 0.915321 0.910646 0.906013 0.901408 0.896790 0.892130 0.887459 0.882820 0.878225 0.873677 0.869185 0.864743 0.860309 0.855847 0.851396 0.847000 0.842672 0.838409 0.834207 0.830061 0.825954 0.821874 0.817828 0.813825 0.809865 0.805945 0.802072 0.798246 0.794449 0.790662 0.786900 0.783184 0.779526 0.775924 0.772374 0.768864 0.765382 0.761920 0.758488 0.755093 0.751736 0.748410 0.745113 0.741836 0.738556 0.735251 0.731936 0.728630 0.725335 0.722046 0.718754 0.715439 0.712059 0.708585 0.705049 0.701487 0.697907 0.694310 0.690705 0.687099 0.683473 0.679809 0.676128 0.672457 0.668806 0.665177 0.661564 0.657963 0.654373 0.650797 0.647235 0.643686 0.640146 0.636609 0.633082 0.629570 0.626070 0.622579 0.619102 0.615642 0.612197 0.608762 0.605337 0.601927 0.598538 0.595172 0.591823 0.588484
0.842651 0.929487 0.947078 0.946093 0.943137 0.939910 0.936470 0.932833 0.928952 0.924799 0.920460 0.916043 0.911605 0.907164 0.902727 0.898287 0.893817 0.889299 0.884758 0.880227 0.875722 0.871248 0.866811 0.862409 0.858023 0.853638 0.849271 0.844947 0.840679 0.836469 0.832316 0.828214 0.824156 0.820133 0.816148 0.812205 0.808303 0.804439 0.800617 0.796835 0.793083 0.789351 0.785647 0.781984 0.778369 0.774804 0.771280 0.767788 0.764321 0.760876 0.757456 0.754067 0.750708 0.747374 0.744060 0.740758 0.737457 0.734149 0.730837 0.727524 0.724217 0.720913 0.717603 0.714266 0.710879 0.707430 0.703934 0.700410 0.696867 0.693309 0.689741 0.686166 0.682574 0.678959 0.675331 0.671704 0.668089 0.664489 0.660903 0.657326 0.653759 0.650203 0.646659 0.643126 0.639600 0.636078 0.632563 0.629058 0.625568 0.622093 0.618634 0.615190 0.611760 0.608343 0.604941 0.601555 0.598188 0.594841 0.591512 0.588197
0.838066 0.923435 0.940883 0.940112 0.937382 0.934339 0.931057 0.927583 0.923914 0.920053 0.916051 0.911967 0.907824 0.903622 0.899387 0.895130 0.890820 0.886436 0.882007 0.877574 0.873150 0.868739 0.864353 0.860001 0.855672 0.851356 0.847066 0.842817 0.838616 0.834463 0.830361 0.826308 0.822301 0.818335 0.814409 0.810525 0.806681 0.802873 0.799102 0.795369 0.791667 0.787989 0.784341 0.780732 0.777164 0.773635 0.770140 0.766673 0.763227 0.759798 0.756389 0.753004 0.749642 0.746297 0.742968 0.739649 0.736337 0.733028 0.729718 0.726406 0.723093 0.719779 0.716454 0.713103 0.709716 0.706290 0.702829 0.699340 0.695830 0.692307 0.688772 0.685226 0.681668 0.678097 0.674517 0.670936 0.667359 0.663790 0.660231 0.656679 0.653135 0.649597 0.646069 0.642551 0.639038 0.635528 0.632022 0.628525 0.625046 0.621588 0.618148 0.614720 0.611307 0.607912 0.604534 0.601171 0.597826 0.594502 0.591197 0.587908
0.833785 0.917724 0.934951 0.934308 0.931743 0.928850 0.925717 0.922415 0.918955 0.915342 0.911619 0.907829 0.903968 0.900015 0.896004 0.891948 0.887809 0.883553 0.879219 0.874863 0.870506 0.866152 0.861822 0.857529 0.853264 0.849018 0.844799 0.840621 0.836487 0.832396 0.828349 0.824351 0.820398 0.816488 0.812621 0.808794 0.805006 0.801252 0.797534 0.793853 0.790203 0.786578 0.782984 0.779429 0.775908 0.772419 0.768959 0.765524 0.762103 0.758691 0.755290 0.751908 0.748542 0.745190 0.741850 0.738523 0.735207 0.731899 0.728594 0.725285 0.721972 0.718653 0.715321 0.711965 0.708585 0.705179 0.701747 0.698289 0.694811 0.691319 0.687812 0.684293 0.680765 0.677233 0.673697 0.670158 0.666618 0.663081 0.659550 0.656024 0.652502 0.648983 0.645469 0.641964 0.638463 0.634964 0.631469 0.627984 0.624517 0.621077 0.617656 0.614245 0.610850 0.607476 0.604119 0.600776 0.597451 0.594151 0.590871 0.587607
0.829717 0.912284 0.929254 0.928651 0.926181 0.923426 0.920457 0.917333 0.914069 0.910674 0.907183 0.903631 0.900017 0.896328 0.892575 0.888747 0.884786 0.880652 0.876395 0.872089 0.867779 0.863483 0.859217 0.854989 0.850794 0.846621 0.842475 0.838368 0.834301 0.830272 0.826286 0.822345 0.818451 0.814599 0.810789 0.807017 0.803283 0.799583 0.795918 0.792288 0.788688 0.785117 0.781578 0.778073 0.774601 0.771158 0.767742 0.764345 0.760953 0.757556 0.754162 0.750780 0.747411 0.744056 0.740713 0.737384 0.734069 0.730767 0.727469 0.724170 0.720863 0.717544 0.714209 0.710856 0.707487 0.704101 0.700696 0.697269 0.693820 0.690352 0.686866 0.683370 0.679871 0.676373 0.672874 0.669371 0.665867 0.662362 0.658859 0.655359 0.651860 0.648361 0.644862 0.641369 0.637879 0.634392 0.630911 0.627442 0.623992 0.620570 0.617167 0.613777 0.610400 0.607042 0.603700 0.600372 0.597066 0.593786 0.590530 0.587292
0.825906 0.907125 0.923769 0.923138 0.920720 0.918086 0.915280 0.912333 0.909254 0.906047 0.902749 0.899396 0.896001 0.892570 0.889099 0.885538 0.881777 0.877742 0.873521 0.869241 0.864972 0.860736 0.856541 0.852387 0.848267 0.844170 0.840101 0.836065 0.832066 0.828102 0.824177 0.820295 0.816459 0.812668 0.808917 0.805202 0.801521 0.797875 0.794263 0.790681 0.787130 0.783612 0.780126 0.776671 0.773248 0.769855 0.766491 0.763141 0.759783 0.756400 0.753007 0.749622 0.746252 0.742898 0.739558 0.736232 0.732923 0.729631 0.726348 0.723062 0.719766 0.716452 0.713119 0.709773 0.706416 0.703053 0.699677 0.696280 0.692857 0.689409 0.685941 0.682462 0.678985 0.675516 0.672051 0.668583 0.665111 0.661637 0.658162 0.654688 0.651212 0.647732 0.644248 0.640766 0.637288 0.633815 0.630349 0.626895 0.623463 0.620059 0.616677 0.613309 0.609952 0.606608 0.603277 0.599960 0.596669 0.593411 0.590179 0.586966
0.822322 0.902175 0.918418 0.917732 0.915365 0.912835 0.910173 0.907397 0.904492 0.901447 0.898311 0.895134 0.891938 0.888733 0.885529 0.882268 0.878736 0.874766 0.870540 0.866287 0.862076 0.857910 0.853792 0.849723 0.845687 0.841670 0.837676 0.833716 0.829789 0.825891 0.822027 0.818204 0.814427 0.810701 0.807013 0.803356 0.799730 0.796139 0.792578 0.789043 0.785539 0.782070 0.778635 0.775230 0.771854 0.768510 0.765199 0.761906 0.758589 0.755217 0.751819 0.748432 0.745065 0.741717 0.738386 0.735069 0.731771 0.728496 0.725232 0.721965 0.718683 0.715378 0.712054 0.708716 0.705374 0.702035 0.698688 0.695319 0.691921 0.688493 0.685040 0.681573 0.678111 0.674669 0.671238 0.667802 0.664359 0.660911 0.657461 0.654013 0.650559 0.647094 0.643623 0.640153 0.636689 0.633230 0.629778 0.626338 0.622922 0.619539 0.616180 0.612835 0.609500 0.606171 0.602850 0.599543 0.596266 0.593030 0.589826 0.586638
0.818625 0.897122 0.913030 0.912347 0.910059 0.907638 0.905106 0.902479 0.899729 0.896832 0.893843 0.890825 0.887797 0.884770 0.881768 0.878735 0.875395 0.871515 0.867343 0.863169 0.859053 0.854981 0.850956 0.846982 0.843039 0.839106 0.835194 0.831314 0.827466 0.823641 0.819844 0.816085 0.812371 0.808709 0.805086 0.801489 0.797920 0.794384 0.790873 0.787386 0.783928 0.780505 0.777114 0.773753 0.770420 0.767117 0.763848 0.760599 0.757320 0.753966 0.750577 0.747201 0.743847 0.740515 0.737200 0.733900 0.730621 0.727367 0.724125 0.720877 0.717613 0.714326 0.711019 0.707697 0.704372 0.701056 0.697734 0.694388 0.691011 0.687604 0.684168 0.680714 0.677267 0.673849 0.670443 0.667032 0.663611 0.660184 0.656756 0.653328 0.649892 0.646441 0.642982 0.639528 0.636079 0.632635 0.629198 0.625775 0.622376 0.619012 0.615675 0.612354 0.609040 0.605730 0.602424 0.599132 0.595873 0.592662 0.589483 0.586318
0.814496 0.891708 0.907476 0.906915 0.904755 0.902459 0.900051 0.897544 0.894921 0.892168 0.889329 0.886452 0.883557 0.880653 0.877747 0.874774 0.871523 0.867823 0.863859 0.859854 0.855879 0.851933 0.848024 0.844154 0.840308 0.836471 0.832651 0.828859 0.825094 0.821351 0.817633 0.813948 0.810304 0.806706 0.803144 0.799608 0.796097 0.792613 0.789154 0.785717 0.782306 0.778924 0.775571 0.772243 0.768943 0.765670 0.762424 0.759190 0.755930 0.752613 0.749266 0.745923 0.742599 0.739294 0.736007 0.732735 0.729482 0.726250 0.723027 0.719798 0.716556 0.713296 0.710018 0.706724 0.703425 0.700126 0.696817 0.693487 0.690129 0.686741 0.683327 0.679895 0.676469 0.673066 0.669673 0.666276 0.662870 0.659458 0.656043 0.652627 0.649204 0.645767 0.642325 0.638888 0.635455 0.632027 0.628608 0.625206 0.621829 0.618485 0.615166 0.611865 0.608572 0.605283 0.602003 0.598738 0.595505 0.592315 0.589155 0.586012
0.810220 0.886154 0.901854 0.901477 0.899479 0.897318 0.895026 0.892623 0.890110 0.887491 0.884791 0.882040 0.879250 0.876422 0.873545 0.870562 0.867360 0.863868 0.860170 0.856389 0.852589 0.848793 0.845013 0.841256 0.837514 0.833781 0.830060 0.826361 0.822684 0.819028 0.815395 0.811790 0.808219 0.804685 0.801184 0.797710 0.794257 0.790826 0.787418 0.784031 0.780666 0.777323 0.774002 0.770703 0.767428 0.764176 0.760940 0.757709 0.754465 0.751193 0.747902 0.744608 0.741324 0.738057 0.734804 0.731566 0.728344 0.725137 0.721935 0.718729 0.715515 0.712288 0.709045 0.705788 0.702517 0.699234 0.695936 0.692618 0.689275 0.685907 0.682515 0.679108 0.675703 0.672311 0.668924 0.665535 0.662138 0.658734 0.655326 0.651916 0.648502 0.645081 0.641657 0.638236 0.634819 0.631408 0.628009 0.624630 0.621277 0.617951 0.614648 0.611363 0.608091 0.604830 0.601581 0.598351 0.595147 0.591977 0.588834 0.585710
0.806114 0.880742 0.896311 0.896104 0.894273 0.892240 0.890055 0.887755 0.885350 0.882844 0.880260 0.877619 0.874916 0.872138 0.869280 0.866316 0.863189 0.859868 0.856396 0.852838 0.849232 0.845593 0.841946 0.838310 0.834682 0.831057 0.827439 0.823836 0.820251 0.816682 0.813132 0.809606 0.806109 0.802643 0.799206 0.795793 0.792398 0.789020 0.785661 0.782322 0.779000 0.775693 0.772403 0.769133 0.765881 0.762642 0.759416 0.756197 0.752976 0.749745 0.746507 0.743265 0.740030 0.736804 0.733590 0.730388 0.727199 0.724022 0.720849 0.717672 0.714489 0.711298 0.708095 0.704873 0.701631 0.698370 0.695087 0.691782 0.688453 0.685101 0.681728 0.678341 0.674952 0.671570 0.668191 0.664806 0.661414 0.658013 0.654608 0.651203 0.647798 0.644391 0.640983 0.637577 0.634175 0.630781 0.627402 0.624044 0.620710 0.617403 0.614117 0.610849 0.607600 0.604368 0.601154 0.597956 0.594781 0.591632 0.588507 0.585402
0.802205 0.875537 0.890916 0.890828 0.889139 0.887225 0.885146 0.882951 0.880647 0.878240 0.875751 0.873197 0.870567 0.867837 0.865018 0.862109 0.859076 0.855897 0.852604 0.849241 0.845819 0.842341 0.838837 0.835333 0.831827 0.828313 0.824798 0.821293 0.817799 0.814317 0.810851 0.807405 0.803982 0.800586 0.797213 0.793858 0.790519 0.787194 0.783883 0.780588 0.777304 0.774030 0.770769 0.767526 0.764296 0.761074 0.757865 0.754669 0.751479 0.748287 0.745093 0.741901 0.738714 0.735534 0.732364 0.729202 0.726051 0.722910 0.719772 0.716629 0.713481 0.710329 0.707165 0.703980 0.700768 0.697530 0.694265 0.690973 0.687656 0.684318 0.680961 0.677590 0.674214 0.670840 0.667464 0.664082 0.660690 0.657290 0.653887 0.650488 0.647092 0.643698 0.640305 0.636913 0.633526 0.630149 0.626788 0.623447 0.620130 0.616840 0.613575 0.610328 0.607104 0.603902 0.600719 0.597551 0.594401 0.591272 0.588166 0.585078
0.798439 0.870517 0.885682 0.885657 0.884064 0.882262 0.880299 0.878210 0.876003 0.873683 0.871268 0.868776 0.866201 0.863533 0.860781 0.857947 0.855011 0.851960 0.848817 0.845612 0.842352 0.839039 0.835694 0.832334 0.828957 0.825557 0.822145 0.818734 0.815332 0.811939 0.808560 0.805196 0.801850 0.798521 0.795207 0.791908 0.788621 0.785345 0.782082 0.778829 0.775581 0.772337 0.769100 0.765877 0.762668 0.759472 0.756292 0.753130 0.749975 0.746820 0.743665 0.740515 0.737374 0.734244 0.731125 0.728013 0.724908 0.721808 0.718708 0.715603 0.712495 0.709384 0.706261 0.703112 0.699930 0.696714 0.693464 0.690183 0.686877 0.683551 0.680208 0.676852 0.673487 0.670116 0.666739 0.663353 0.659960 0.656561 0.653162 0.649768 0.646381 0.642998 0.639620 0.636244 0.632874 0.629514 0.626168 0.622840 0.619538 0.616267 0.613024 0.609804 0.606607 0.603431 0.600274 0.597132 0.594005 0.590896 0.587806 0.584734
0.794848 0.865700 0.880619 0.880609 0.879079 0.877373 0.875522 0.873541 0.871427 0.869178 0.866818 0.864371 0.861849 0.859250 0.856579 0.853834 0.850998 0.848061 0.845044 0.841972 0.838857 0.835703 0.832522 0.829320 0.826082 0.822795 0.819479 0.816159 0.812848 0.809548 0.806258 0.802980 0.799711 0.796447 0.793191 0.789943 0.786704 0.783476 0.780259 0.777049 0.773836 0.770615 0.767395 0.764188 0.761001 0.757835 0.754694 0.751573 0.748459 0.745339 0.742219 0.739107 0.736012 0.732933 0.729870 0.726816 0.723764 0.720707 0.717646 0.714584 0.711522 0.708456 0.705377 0.702269 0.699121 0.695923 0.692682 0.689407 0.686109 0.682793 0.679464 0.676123 0.672767 0.669394 0.666010 0.662619 0.659224 0.655826 0.652430 0.649041 0.645661 0.642291 0.638929 0.635573 0.632222 0.628877 0.625542 0.622224 0.618935 0.615683 0.612465 0.609273 0.606101 0.602949 0.599815 0.596697 0.593592 0.590503 0.587429 0.584373
0.791439 0.861080 0.875712 0.875692 0.874207 0.872575 0.870818 0.868941 0.866916 0.864719 0.862395 0.859994 0.857529 0.855002 0.852415 0.849767 0.847033 0.844197 0.841285 0.838334 0.835353 0.832344 0.829321 0.826282 0.823190 0.820013 0.816787 0.813560 0.810345 0.807141 0.803946 0.800755 0.797563 0.794365 0.791164 0.787966 0.784771 0.781582 0.778407 0.775241 0.772064 0.768858 0.765647 0.762456 0.759295 0.756162 0.753061 0.749986 0.746915 0.743829 0.740741 0.737671 0.734622 0.731593 0.728586 0.725596 0.722604 0.719592 0.716572 0.713559 0.710548 0.707530 0.704499 0.701442 0.698333 0.695150 0.691911 0.688640 0.685349 0.682040 0.678720 0.675393 0.672045 0.668667 0.665272 0.661876 0.658481 0.655085 0.651691 0.648305 0.644933 0.641577 0.638234 0.634900 0.631569 0.628239 0.624913 0.621602 0.618324 0.615093 0.611899 0.608730 0.605579 0.602447 0.599335 0.596241 0.593161 0.590091 0.587035 0.583998
0.788091 0.856549 0.870909 0.870883 0.869435 0.867856 0.866165 0.864364 0.862410 0.860261 0.857981 0.855634 0.853234 0.850779 0.848273 0.845717 0.843081 0.840340 0.837529 0.834691 0.831833 0.828954 0.826069 0.823177 0.820225 0.817165 0.814047 0.810928 0.807821 0.804722 0.801625 0.798524 0.795409 0.792275 0.789128 0.785973 0.782814 0.779657 0.776512 0.773378 0.770230 0.767041 0.763844 0.760676 0.757543 0.754445 0.751381 0.748347 0.745316 0.742265 0.739214 0.736188 0.733188 0.730208 0.727255 0.724324 0.721392 0.718434 0.715468 0.712512 0.709559 0.706592 0.703609 0.700602 0.697533 0.694368 0.691137 0.687874 0.684589 0.681284 0.677968 0.674646 0.671301 0.667918 0.664517 0.661120 0.657728 0.654336 0.650948 0.647568 0.644204 0.640862 0.637538 0.634224 0.630913 0.627599 0.624287 0.620988 0.617722 0.614509 0.611334 0.608179 0.605043 0.601927 0.598833 0.595762 0.592704 0.589654 0.586619 0.583605
0.784689 0.852015 0.866167 0.866161 0.864747 0.863202 0.861543 0.859771 0.857855 0.855769 0.853561 0.851283 0.848952 0.846568 0.844138 0.841660 0.839110 0.836469 0.833766 0.831034 0.828286 0.825523 0.822753 0.819971 0.817137 0.814217 0.811244 0.808261 0.805278 0.802294 0.799302 0.796293 0.793257 0.790185 0.787084 0.783964 0.780832 0.777695 0.774563 0.771438 0.768302 0.765141 0.761978 0.758842 0.755742 0.752678 0.749646 0.746640 0.743640 0.740632 0.737628 0.734649 0.731696 0.728766 0.725861 0.722980 0.720103 0.717214 0.714322 0.711435 0.708543 0.705633 0.702699 0.699730 0.696693 0.693559 0.690352 0.687104 0.683827 0.680523 0.677202 0.673871 0.670520 0.667138 0.663741 0.660347 0.656961 0.653579 0.650203 0.646834 0.643482 0.640153 0.636842 0.633542 0.630248 0.626956 0.623667 0.620392 0.617146 0.613942 0.610772 0.607623 0.604495 0.601390 0.598310 0.595253 0.592213 0.589186 0.586178 0.583193
0.781337 0.847558 0.861517 0.861537 0.860152 0.858622 0.856968 0.855198 0.853305 0.851282 0.849153 0.846950 0.844689 0.842377 0.840018 0.837611 0.835142 0.832599 0.830001 0.827372 0.824724 0.822064 0.819394 0.816706 0.813980 0.811205 0.808394 0.805564 0.802722 0.799862 0.796982 0.794074 0.791119 0.788105 0.785043 0.781949 0.778834 0.775703 0.772567 0.769436 0.766306 0.763174 0.760053 0.756957 0.753893 0.750862 0.747859 0.744877 0.741908 0.738944 0.735992 0.733061 0.730155 0.727273 0.724415 0.721579 0.718757 0.715943 0.713135 0.710329 0.707510 0.704664 0.701783 0.698855 0.695851 0.692751 0.689572 0.686341 0.683068 0.679758 0.676425 0.673079 0.669719 0.666339 0.662949 0.659561 0.656181 0.652812 0.649451 0.646098 0.642761 0.639443 0.636142 0.632855 0.629577 0.626309 0.623049 0.619801 0.616576 0.613379 0.610208 0.607058 0.603932 0.600834 0.597764 0.594718 0.591693 0.588690 0.585713 0.582761
0.778148 0.843273 0.857002 0.857025 0.855654 0.854120 0.852456 0.850688 0.848817 0.846844 0.844782 0.842649 0.840457 0.838213 0.835924 0.833590 0.831200 0.828747 0.826245 0.823713 0.821162 0.818598 0.816021 0.813428 0.810813 0.808172 0.805513 0.802842 0.800151 0.797425 0.794667 0.791871 0.789005 0.786042 0.783007 0.779930 0.776821 0.773681 0.770531 0.767393 0.764271 0.761165 0.758080 0.755025 0.751999 0.749000 0.746026 0.743076 0.740144 0.737223 0.734318 0.731436 0.728578 0.725743 0.722932 0.720144 0.717379 0.714636 0.711911 0.709195 0.706465 0.703695 0.700880 0.698009 0.695049 0.691977 0.688813 0.685589 0.682313 0.678987 0.675635 0.672276 0.668911 0.665532 0.662146 0.658765 0.655393 0.652035 0.648689 0.645353 0.642031 0.638728 0.635439 0.632163 0.628901 0.625656 0.622424 0.619201 0.615993 0.612805 0.609634 0.606481 0.603353 0.600260 0.597198 0.594159 0.591149 0.588171 0.585227 0.582311
0.775107 0.839156 0.852622 0.852608 0.851224 0.849674 0.848003 0.846242 0.844396 0.842464 0.840454 0.838381 0.836254 0.834076 0.831856 0.829595 0.827282 0.824911 0.822495 0.820054 0.817596 0.815124 0.812643 0.810151 0.807645 0.805128 0.802606 0.800083 0.797543 0.794964 0.792347 0.789677 0.786903 0.783986 0.780963 0.777884 0.774765 0.771610 0.768450 0.765313 0.762204 0.759120 0.756067 0.753048 0.750058 0.747092 0.744152 0.741240 0.738349 0.735471 0.732610 0.729775 0.726966 0.724179 0.721415 0.718679 0.715971 0.713294 0.710648 0.708022 0.705389 0.702715 0.699992 0.697200 0.694294 0.691243 0.688076 0.684836 0.681539 0.678191 0.674822 0.671457 0.668091 0.664713 0.661332 0.657957 0.654596 0.651249 0.647918 0.644599 0.641295 0.638007 0.634732 0.631470 0.628225 0.625001 0.621792 0.618590 0.615398 0.612219 0.609053 0.605899 0.602769 0.599675 0.596613 0.593579 0.590582 0.587631 0.584721 0.581844
0.772172 0.835174 0.848355 0.848253 0.846819 0.845252 0.843587 0.841847 0.840030 0.838134 0.836167 0.834144 0.832074 0.829961 0.827809 0.825618 0.823378 0.821084 0.818748 0.816388 0.814016 0.811639 0.809258 0.806871 0.804474 0.802068 0.799664 0.797267 0.794870 0.792456 0.790009 0.787485 0.784808 0.781928 0.778893 0.775778 0.772629 0.769464 0.766312 0.763190 0.760101 0.757041 0.754015 0.751025 0.748068 0.745138 0.742238 0.739366 0.736517 0.733682 0.730867 0.728080 0.725318 0.722578 0.719863 0.717179 0.714528 0.711914 0.709336 0.706791 0.704256 0.701702 0.699107 0.696426 0.693587 0.690547 0.687347 0.684056 0.680717 0.677348 0.673973 0.670608 0.667245 0.663872 0.660498 0.657134 0.653785 0.650453 0.647139 0.643839 0.640553 0.637282 0.634024 0.630780 0.627553 0.624347 0.621154 0.617970 0.614793 0.611627 0.608469 0.605320 0.602189 0.599087 0.596014 0.592978 0.589992 0.587068 0.584198 0.581365
0.769375 0.831322 0.844160 0.843929 0.842428 0.840845 0.839197 0.837489 0.835710 0.833847 0.831914 0.829933 0.827916 0.825864 0.823779 0.821659 0.819491 0.817268 0.815002 0.812715 0.810424 0.808139 0.805861 0.803582 0.801291 0.798983 0.796676 0.794389 0.792125 0.789880 0.787630 0.785299 0.782745 0.779872 0.776775 0.773595 0.770408 0.767241 0.764108 0.761015 0.757955 0.754920 0.751918 0.748955 0.746031 0.743141 0.740283 0.737455 0.734649 0.731858 0.729090 0.726349 0.723634 0.720941 0.718275 0.715643 0.713048 0.710490 0.707975 0.705503 0.703063 0.700639 0.698204 0.695683 0.692939 0.689881 0.686600 0.683228 0.679836 0.676449 0.673077 0.669723 0.666371 0.663006 0.659639 0.656287 0.652955 0.649642 0.646347 0.643069 0.639804 0.636551 0.633310 0.630086 0.626878 0.623688 0.620509 0.617341 0.614181 0.611028 0.607881 0.604740 0.601611 0.598499 0.595408 0.592356 0.589374 0.586483 0.583663 0.580880
0.766666 0.827507 0.839940 0.839575 0.838027 0.836434 0.834807 0.833145 0.831414 0.829581 0.827676 0.825737 0.823771 0.821776 0.819757 0.817713 0.815620 0.813458 0.811252 0.809031 0.806816 0.804619 0.802440 0.800270 0.798080 0.795852 0.793622 0.791431 0.789287 0.787188 0.785134 0.783041 0.780647 0.777742 0.774536 0.771292 0.768090 0.764933 0.761825 0.758771 0.755752 0.752747 0.749769 0.746835 0.743947 0.741099 0.738287 0.735505 0.732744 0.729998 0.727275 0.724581 0.721914 0.719268 0.716650 0.714067 0.711523 0.709017 0.706559 0.704153 0.701797 0.699485 0.697211 0.694892 0.692277 0.689166 0.685758 0.682303 0.678877 0.675479 0.672115 0.668786 0.665458 0.662103 0.658744 0.655408 0.652098 0.648806 0.645534 0.642281 0.639040 0.635806 0.632583 0.629379 0.626192 0.623018 0.619856 0.616704 0.613561 0.610424 0.607290 0.604159 0.601035 0.597921 0.594815 0.591735 0.588746 0.585899 0.583141 0.580407
0.763708 0.823421 0.835521 0.835095 0.833547 0.831971 0.830376 0.828763 0.827082 0.825288 0.823421 0.821529 0.819617 0.817679 0.815723 0.813750 0.811728 0.809629 0.807483 0.805329 0.803186 0.801065 0.798971 0.796891 0.794788 0.792630 0.790468 0.788357 0.786303 0.784304 0.782377 0.780446 0.778175 0.775274 0.772034 0.768794 0.765624 0.762503 0.759439 0.756435 0.753465 0.750500 0.747558 0.744663 0.741817 0.739015 0.736249 0.733514 0.730799 0.728099 0.725422 0.722775 0.720154 0.717553 0.714981 0.712444 0.709945 0.707485 0.705073 0.702717 0.700417 0.698174 0.695995 0.693804 0.691280 0.688150 0.684687 0.681212 0.677791 0.674406 0.671063 0.667765 0.664468 0.661133 0.657793 0.654481 0.651198 0.647931 0.644685 0.641459 0.638246 0.635035 0.631835 0.628654 0.625489 0.622336 0.619193 0.616061 0.612938 0.609820 0.606703 0.603587 0.600476 0.597372 0.594269 0.591181 0.588195 0.585383 0.582671 0.579972
0.760199 0.818819 0.830786 0.830429 0.828942 0.827422 0.825876 0.824303 0.822667 0.820932 0.819129 0.817295 0.815440 0.813562 0.811665 0.809747 0.807783 0.805754 0.803684 0.801602 0.799527 0.797471 0.795437 0.793414 0.791371 0.789285 0.787194 0.785143 0.783139 0.781180 0.779263 0.777304 0.775038 0.772257 0.769173 0.766052 0.762971 0.759929 0.756933 0.753987 0.751072 0.748167 0.745283 0.742441 0.739645 0.736889 0.734170 0.731481 0.728811 0.726158 0.723527 0.720925 0.718348 0.715793 0.713264 0.710769 0.708309 0.705886 0.703506 0.701178 0.698898 0.696664 0.694467 0.692223 0.689679 0.686638 0.683298 0.679908 0.676545 0.673209 0.669907 0.666639 0.663371 0.660074 0.656774 0.653497 0.650244 0.647008 0.643792 0.640595 0.637411 0.634232 0.631062 0.627907 0.624767 0.621638 0.618520 0.615413 0.612313 0.609219 0.606125 0.603032 0.599944 0.596864 0.593792 0.590747 0.587796 0.584992 0.582280 0.579591
0.756433 0.813938 0.825847 0.825634 0.824256 0.822816 0.821330 0.819800 0.818209 0.816541 0.814812 0.813045 0.811251 0.809434 0.807594 0.805724 0.803813 0.801854 0.799862 0.797854 0.795845 0.793843 0.791852 0.789868 0.787870 0.785847 0.783821 0.781814 0.779833 0.777868 0.775894 0.773829 0.771531 0.768907 0.766055 0.763118 0.760171 0.757235 0.754325 0.751449 0.748599 0.745763 0.742950 0.740171 0.737430 0.734727 0.732056 0.729413 0.726790 0.724184 0.721598 0.719038 0.716503 0.713990 0.711503 0.709047 0.706622 0.704228 0.701871 0.699553 0.697267 0.694997 0.692716 0.690345 0.687745 0.684826 0.681678 0.678436 0.675172 0.671910 0.668664 0.665433 0.662201 0.658952 0.655701 0.652464 0.649246 0.646045 0.642862 0.639696 0.636543 0.633398 0.630262 0.627137 0.624025 0.620924 0.617836 0.614758 0.611687 0.608619 0.605552 0.602486 0.599428 0.596385 0.593362 0.590379 0.587473 0.584670 0.581942 0.579250
0.752739 0.809076 0.820870 0.820798 0.819550 0.818199 0.816776 0.815299 0.813762 0.812157 0.810496 0.808797 0.807069 0.805311 0.803525 0.801708 0.799852 0.797956 0.796032 0.794093 0.792145 0.790193 0.788241 0.786292 0.784334 0.782359 0.780379 0.778409 0.776439 0.774448 0.772415 0.770289 0.767997 0.765491 0.762824 0.760073 0.757279 0.754459 0.751642 0.748848 0.746073 0.743312 0.740569 0.737856 0.735176 0.732528 0.729910 0.727317 0.724743 0.722183 0.719640 0.717120 0.714624 0.712151 0.709704 0.707285 0.704891 0.702521 0.700180 0.697867 0.695562 0.693237 0.690871 0.688415 0.685795 0.682961 0.679961 0.676866 0.673721 0.670545 0.667361 0.664182 0.660998 0.657799 0.654595 0.651399 0.648218 0.645053 0.641904 0.638771 0.635650 0.632538 0.629436 0.626345 0.623265 0.620196 0.617140 0.614097 0.611058 0.608017 0.604976 0.601939 0.598916 0.595916 0.592943 0.590009 0.587139 0.584346 0.581617 0.578925
0.749162 0.804318 0.815940 0.815973 0.814841 0.813579 0.812228 0.810816 0.809341 0.807796 0.806197 0.804562 0.802896 0.801196 0.799466 0.797704 0.795905 0.794066 0.792200 0.790321 0.788430 0.786524 0.784613 0.782701 0.780779 0.778838 0.776890 0.774943 0.772978 0.770967 0.768905 0.766769 0.764510 0.762094 0.759560 0.756961 0.754311 0.751611 0.748896 0.746196 0.743507 0.740824 0.738153 0.735508 0.732890 0.730300 0.727737 0.725198 0.722673 0.720158 0.717657 0.715176 0.712718 0.710284 0.707875 0.705490 0.703122 0.700771 0.698438 0.696120 0.693791 0.691419 0.688997 0.686506 0.683892 0.681118 0.678219 0.675245 0.672214 0.669129 0.666019 0.662904 0.659777 0.656628 0.653469 0.650313 0.647169 0.644038 0.640923 0.637821 0.634732 0.631653 0.628586 0.625530 0.622486 0.619453 0.616433 0.613426 0.610419 0.607407 0.604394 0.601389 0.598402 0.595444 0.592515 0.589620 0.586778 0.584004 0.581284 0.578600
0.745661 0.799654 0.811085 0.811178 0.810130 0.808959 0.807693 0.806354 0.804944 0.803462 0.801921 0.800343 0.798732 0.797088 0.795414 0.793708 0.791966 0.790183 0.788370 0.786541 0.784697 0.782839 0.780972 0.779097 0.777207 0.775295 0.773365 0.771423 0.769456 0.767448 0.765391 0.763272 0.761055 0.758718 0.756289 0.753803 0.751270 0.748694 0.746098 0.743503 0.740907 0.738306 0.735711 0.733134 0.730580 0.728050 0.725543 0.723056 0.720580 0.718111 0.715651 0.713210 0.710790 0.708395 0.706022 0.703667 0.701322 0.698983 0.696649 0.694314 0.691959 0.689562 0.687118 0.684615 0.682016 0.679295 0.676478 0.673597 0.670661 0.667672 0.664649 0.661606 0.658539 0.655442 0.652328 0.649212 0.646102 0.643004 0.639918 0.636847 0.633789 0.630745 0.627715 0.624696 0.621690 0.618695 0.615713 0.612739 0.609766 0.606785 0.603805 0.600834 0.597884 0.594962 0.592069 0.589209 0.586397 0.583643 0.580939 0.578269
0.742260 0.795106 0.806320 0.806441 0.805455 0.804363 0.803183 0.801923 0.800582 0.799158 0.797671 0.796142 0.794582 0.792993 0.791375 0.789727 0.788040 0.786308 0.784543 0.782756 0.780956 0.779143 0.777322 0.775489 0.773631 0.771739 0.769818 0.767873 0.765909 0.763917 0.761889 0.759804 0.757636 0.755371 0.753026 0.750628 0.748194 0.745735 0.743262 0.740781 0.738284 0.735765 0.733242 0.730732 0.728241 0.725772 0.723324 0.720892 0.500000 0.500000 0.500000 0.500000 0.500000 0.706485 0.704150 0.701826 0.699503 0.697172 0.694830 0.692475 0.690101 0.687698 0.685254 0.682756 0.680178 0.677507 0.674757 0.671949 0.669094 0.666195 0.663262 0.660299 0.657297 0.654249 0.651174 0.648094 0.645020 0.641954 0.638899 0.635857 0.632832 0.629824 0.626831 0.623850 0.620880 0.617924 0.614978 0.612039 0.609098 0.606151 0.603205 0.600271 0.597357 0.594467 0.591604 0.588773 0.585989 0.583259 0.580576 0.577926
0.738973 0.790677 0.801646 0.801778 0.800841 0.799812 0.798704 0.797524 0.796254 0.794883 0.793440 0.791958 0.790449 0.788912 0.787349 0.785759 0.784127 0.782442 0.780718 0.778971 0.777211 0.775439 0.773662 0.771875 0.770053 0.768176 0.766257 0.764317 0.762364 0.760397 0.758405 0.756368 0.754257 0.752054 0.749778 0.747457 0.745113 0.742758 0.740401 0.738037 0.735642 0.733200 0.730741 0.728295 0.725869 0.500000 0.500000 0.500000 0.500000 0.500000 0.500000 0.500000 0.500000 0.500000 0.500000 0.500000 0.697672 0.695346 0.692998 0.690633 0.688253 0.685853 0.683423 0.680944 0.678396 0.675767 0.673070 0.670324 0.667536 0.664713 0.661863 0.658983 0.656051 0.653047 0.650005 0.646960 0.643923 0.640893 0.637871 0.634860 0.631867 0.628896 0.625941 0.622996 0.620061 0.617139 0.614228 0.611324 0.608419 0.605506 0.602593 0.599695 0.596816 0.593957 0.591120 0.588312 0.585550 0.582848 0.580194 0.577569
0.735730 0.786306 0.797034 0.797177 0.796283 0.795303 0.794252 0.793135 0.791928 0.790609 0.789214 0.787782 0.786324 0.784838 0.783328 0.781792 0.780212 0.778572 0.776889 0.775182 0.773459 0.771724 0.769984 0.768236 0.766448 0.764588 0.762682 0.760758 0.758828 0.756890 0.754936 0.752946 0.750890 0.748746 0.746537 0.744293 0.742032 0.739769 0.737510 0.735248 0.732949 0.730586 0.728196 0.500000 0.500000 0.500000 0.500000 0.500000 0.500000 0.500000 0.500000 0.500000 0.500000 0.500000 0.500000 0.500000 0.500000 0.500000 0.691157 0.688797 0.686425 0.684039 0.681628 0.679175 0.676660 0.674070 0.671419 0.668725 0.665994 0.663231 0.660445 0.657636 0.654767 0.651811 0.648807 0.645804 0.642809 0.639819 0.636835 0.633859 0.630900 0.627965 0.625046 0.622135 0.619233 0.616343 0.613465 0.610594 0.607722 0.604842 0.601964 0.599101 0.596257 0.593430 0.590621 0.587838 0.585101 0.582428 0.579802 0.577204
0.732458 0.781938 0.792461 0.792626 0.791772 0.790831 0.789820 0.788741 0.787578 0.786316 0.784981 0.783606 0.782200 0.780767 0.779307 0.777818 0.776282 0.774690 0.773053 0.771386 0.769698 0.767996 0.766284 0.764557 0.762791 0.760962 0.759089 0.757199 0.755301 0.753395 0.751473 0.749519 0.747510 0.745429 0.743295 0.741130 0.738950 0.736767 0.734585 0.732396 0.730175 0.500000 0.500000 0.500000 0.500000 0.500000 0.500000 0.500000 0.500000 0.500000 0.500000 0.500000 0.500000 0.500000 0.500000 0.500000 0.500000 0.500000 0.500000 0.500000 0.684620 0.682257 0.679870 0.677444 0.674961 0.672410 0.669803 0.667153 0.664468 0.661750 0.659008 0.656236 0.653412 0.650515 0.647574 0.644625 0.641678 0.638732 0.635789 0.632853 0.629933 0.627033 0.624146 0.621267 0.618398 0.615539 0.612690 0.609847 0.607004 0.604157 0.601313 0.598485 0.595674 0.592882 0.590109 0.587363 0.584660 0.582013 0.579410 0.576833
0.729218 0.777618 0.787945 0.788133 0.787314 0.786404 0.785417 0.784361 0.783231 0.782023 0.780753 0.779437 0.778087 0.776707 0.775298 0.773851 0.772357 0.770812 0.769221 0.767593 0.765938 0.764262 0.762569 0.760857 0.759111 0.757319 0.755491 0.753645 0.751785 0.749913 0.748021 0.746099 0.744132 0.742115 0.740056 0.737969 0.735865 0.733751 0.731631 0.729502 0.500000 0.500000 0.500000 0.500000 0.500000 0.500000 0.500000 0.500000 0.500000 0.500000 0.500000 0.500000 0.500000 0.500000 0.500000 0.500000 0.500000 0.500000 0.500000 0.500000 0.500000 0.680502 0.678145 0.675749 0.673300 0.670788 0.668220 0.665609 0.662960 0.660276 0.657560 0.654810 0.652020 0.649183 0.646312 0.643425 0.640530 0.637631 0.634732 0.631840 0.628962 0.626097 0.623243 0.620397 0.617558 0.614727 0.611903 0.609083 0.606267 0.603452 0.600643 0.597848 0.595070 0.592314 0.589581 0.586877 0.584213 0.581592 0.579010 0.576456
0.726074 0.773401 0.783511 0.783710 0.782917 0.782025 0.781053 0.780016 0.778917 0.777757 0.776543 0.775286 0.773994 0.772670 0.771312 0.769912 0.768461 0.766957 0.765404 0.763811 0.762184 0.760527 0.758850 0.757156 0.755437 0.753682 0.751899 0.750098 0.748280 0.746445 0.744587 0.742701 0.740780 0.738818 0.736825 0.734809 0.732775 0.730722 0.728660 0.500000 0.500000 0.500000 0.500000 0.500000 0.500000 0.500000 0.500000 0.500000 0.500000 0.500000 0.500000 0.500000 0.500000 0.500000 0.500000 0.500000 0.500000 0.500000 0.500000 0.500000 0.500000 0.500000 0.676448 0.674090 0.671678 0.669201 0.666668 0.664090 0.661471 0.658811 0.656115 0.653387 0.650630 0.647845 0.645037 0.642211 0.639371 0.636520 0.633667 0.630820 0.627983 0.625157 0.622339 0.619525 0.616714 0.613907 0.611104 0.608307 0.605517 0.602733 0.599958 0.597194 0.594449 0.591727 0.589032 0.586367 0.583740 0.581151 0.578596 0.576070
0.723019 0.769288 0.779164 0.779352 0.778570 0.777686 0.776725 0.775707 0.774638 0.773519 0.772355 0.771154 0.769921 0.768656 0.767354 0.766005 0.764599 0.763129 0.761602 0.760033 0.758427 0.756786 0.755126 0.753455 0.751767 0.750050 0.748310 0.746554 0.744781 0.742986 0.741169 0.739326 0.737450 0.735540 0.733602 0.731647 0.729674 0.727680 0.500000 0.500000 0.500000 0.500000 0.500000 0.500000 0.500000 0.500000 0.500000 0.500000 0.500000 0.500000 0.500000 0.500000 0.500000 0.500000 0.500000 0.500000 0.500000 0.500000 0.500000 0.500000 0.500000 0.500000 0.500000 0.672461 0.670089 0.667645 0.665141 0.662589 0.659994 0.657354 0.654678 0.651976 0.649254 0.646514 0.643757 0.640985 0.638199 0.635400 0.632596 0.629796 0.627002 0.624213 0.621427 0.618643 0.615859 0.613075 0.610294 0.607522 0.604759 0.602006 0.599262 0.596528 0.593812 0.591121 0.588457 0.585826 0.583233 0.580680 0.578162 0.575673
0.720033 0.765261 0.774894 0.775047 0.774256 0.773375 0.772426 0.771429 0.770388 0.769306 0.768187 0.767037 0.765861 0.764658 0.763421 0.762132 0.760771 0.759326 0.757812 0.756249 0.754652 0.753029 0.751393 0.749750 0.748093 0.746416 0.744720 0.743009 0.741281 0.739532 0.737761 0.735964 0.734136 0.732274 0.730385 0.728478 0.726558 0.500000 0.500000 0.500000 0.500000 0.500000 0.500000 0.500000 0.500000 0.500000 0.500000 0.500000 0.500000 0.500000 0.500000 0.500000 0.500000 0.500000 0.500000 0.500000 0.500000 0.500000 0.500000 0.500000 0.500000 0.500000 0.500000 0.500000 0.668527 0.666115 0.663633 0.661098 0.658519 0.655900 0.653250 0.650579 0.647892 0.645191 0.642476 0.639750 0.637013 0.634268 0.631521 0.628773 0.626022 0.623265 0.620504 0.617743 0.614983 0.612225 0.609473 0.606728 0.603995 0.601272 0.598558 0.595852 0.593162 0.590495 0.587855 0.585251 0.582690 0.580178 0.577707 0.575266
0.717129 0.761322 0.770688 0.770786 0.769976 0.769095 0.768158 0.767180 0.766165 0.765117 0.764039 0.762935 0.761812 0.760672 0.759506 0.758289 0.756978 0.755548 0.754027 0.752457 0.750866 0.749262 0.747654 0.746041 0.744419 0.742782 0.741129 0.739463 0.737781 0.736080 0.734359 0.732614 0.730836 0.729018 0.727169 0.725305 0.500000 0.500000 0.500000 0.500000 0.500000 0.500000 0.500000 0.500000 0.500000 0.500000 0.500000 0.500000 0.500000 0.500000 0.500000 0.500000 0.500000 0.500000 0.500000 0.500000 0.500000 0.500000 0.500000 0.500000 0.500000 0.500000 0.500000 0.500000 0.500000 0.664612 0.662141 0.659615 0.657050 0.654453 0.651832 0.649195 0.646543 0.643875 0.641194 0.638506 0.635815 0.633125 0.630437 0.627746 0.625040 0.622310 0.619566 0.616822 0.614086 0.611357 0.608637 0.605926 0.603224 0.600532 0.597845 0.595165 0.592499 0.589854 0.587232 0.584644 0.582111 0.579647 0.577235 0.574851
0.714290 0.757436 0.766510 0.766551 0.765729 0.764848 0.763921 0.762959 0.761969 0.760951 0.759908 0.758845 0.757768 0.756683 0.755587 0.754451 0.753200 0.751772 0.750229 0.748653 0.747072 0.745491 0.743913 0.742334 0.740749 0.739150 0.737539 0.735917 0.734281 0.732626 0.730955 0.729267 0.727542 0.725762 0.723949 0.722125 0.500000 0.500000 0.500000 0.500000 0.500000 0.500000 0.500000 0.500000 0.500000 0.500000 0.500000 0.500000 0.500000 0.500000 0.500000 0.500000 0.500000 0.500000 0.500000 0.500000 0.500000 0.500000 0.500000 0.500000 0.500000 0.500000 0.500000 0.500000 0.500000 0.663124 0.660651 0.658133 0.655586 0.653012 0.650421 0.647820 0.645203 0.642564 0.639910 0.637255 0.634606 0.631966 0.629334 0.626702 0.624043 0.621335 0.618603 0.615877 0.613165 0.610469 0.607785 0.605111 0.602444 0.599782 0.597123 0.594469 0.591828 0.589208 0.586605 0.584026 0.581514 0.579105 0.576761 0.574436
0.711379 0.753479 0.762290 0.762302 0.761486 0.760618 0.759706 0.758764 0.757796 0.756805 0.755792 0.754760 0.753717 0.752671 0.751621 0.750543 0.749338 0.747922 0.746381 0.744820 0.743264 0.741715 0.740170 0.738628 0.737081 0.735520 0.733948 0.732367 0.730772 0.729159 0.727535 0.725898 0.724222 0.722484 0.720711 0.500000 0.500000 0.500000 0.500000 0.500000 0.500000 0.500000 0.500000 0.500000 0.500000 0.500000 0.500000 0.500000 0.500000 0.500000 0.500000 0.500000 0.500000 0.500000 0.500000 0.500000 0.500000 0.500000 0.500000 0.500000 0.500000 0.500000 0.500000 0.500000 0.500000 0.500000 0.659128 0.656632 0.654114 0.651570 0.649010 0.646442 0.643859 0.641248 0.638622 0.635999 0.633385 0.630785 0.628198 0.625613 0.622995 0.620314 0.617604 0.614903 0.612222 0.609560 0.606912 0.604276 0.601646 0.599017 0.596391 0.593770 0.591164 0.588578 0.586004 0.583446 0.580962 0.578600 0.576309 0.574030
0.708275 0.749350 0.757979 0.758011 0.757226 0.756388 0.755506 0.754590 0.753646 0.752676 0.751684 0.750674 0.749651 0.748622 0.747582 0.746503 0.745308 0.743938 0.742457 0.740948 0.739438 0.737930 0.736425 0.734922 0.733413 0.731890 0.730354 0.728809 0.727250 0.725675 0.724088 0.722487 0.720851 0.719164 0.500000 0.500000 0.500000 0.500000 0.500000 0.500000 0.500000 0.500000 0.500000 0.500000 0.500000 0.500000 0.500000 0.500000 0.500000 0.500000 0.500000 0.500000 0.500000 0.500000 0.500000 0.500000 0.500000 0.500000 0.500000 0.500000 0.500000 0.500000 0.500000 0.500000 0.500000 0.500000 0.500000 0.655103 0.652626 0.650119 0.647592 0.645054 0.642499 0.639919 0.637326 0.634735 0.632152 0.629581 0.627020 0.624458 0.621867 0.619227 0.616561 0.613901 0.611256 0.608628 0.606015 0.603414 0.600821 0.598232 0.595649 0.593074 0.590515 0.587976 0.585450 0.582947 0.580508 0.578170 0.575896 0.573638
0.705098 0.745147 0.753622 0.753702 0.752965 0.752168 0.751322 0.750437 0.749517 0.748566 0.747588 0.746590 0.745576 0.744547 0.743493 0.742389 0.741194 0.739880 0.738481 0.737045 0.735596 0.734140 0.732681 0.731220 0.729750 0.728264 0.726762 0.725249 0.723723 0.722182 0.720626 0.719053 0.717454 0.500000 0.500000 0.500000 0.500000 0.500000 0.500000 0.500000 0.500000 0.500000 0.500000 0.500000 0.500000 0.500000 0.500000 0.500000 0.500000 0.500000 0.500000 0.500000 0.500000 0.500000 0.500000 0.500000 0.500000 0.500000 0.500000 0.500000 0.500000 0.500000 0.500000 0.500000 0.500000 0.500000 0.500000 0.500000 0.651132 0.648664 0.646170 0.643658 0.641129 0.638581 0.636023 0.633462 0.630906 0.628355 0.625809 0.623259 0.620690 0.618094 0.615483 0.612872 0.610269 0.607676 0.605096 0.602529 0.599974 0.597430 0.594898 0.592378 0.589874 0.587390 0.584925 0.582489 0.580103 0.577781 0.575507 0.573258
0.701979 0.740990 0.749287 0.749410 0.748726 0.747970 0.747160 0.746307 0.745413 0.744476 0.743507 0.742516 0.741503 0.740464 0.739393 0.738277 0.737091 0.735824 0.734494 0.733129 0.731745 0.730346 0.728937 0.727523 0.726096 0.724648 0.723180 0.721697 0.720201 0.718691 0.717166 0.715624 0.714063 0.500000 0.500000 0.500000 0.500000 0.500000 0.500000 0.500000 0.500000 0.500000 0.500000 0.500000 0.500000 0.500000 0.500000 0.500000 0.500000 0.500000 0.500000 0.500000 0.500000 0.500000 0.500000 0.500000 0.500000 0.500000 0.500000 0.500000 0.500000 0.500000 0.500000 0.500000 0.500000 0.500000 0.500000 0.500000 0.649646 0.647215 0.644749 0.642263 0.639760 0.637241 0.634712 0.632181 0.629648 0.627114 0.624579 0.622042 0.619498 0.616943 0.614381 0.611820 0.609261 0.606704 0.604156 0.601624 0.599110 0.596614 0.594136 0.591674 0.589228 0.586802 0.584397 0.582022 0.579684 0.577385 0.575121 0.572881
0.698936 0.736910 0.745007 0.745155 0.744514 0.743797 0.743021 0.742199 0.741328 0.740405 0.739441 0.738451 0.737434 0.736385 0.735304 0.734188 0.733020 0.731791 0.730516 0.729214 0.727893 0.726551 0.725196 0.723831 0.722448 0.721039 0.719605 0.718152 0.716685 0.715205 0.713712 0.712205 0.500000 0.500000 0.500000 0.500000 0.500000 0.500000 0.500000 0.500000 0.500000 0.500000 0.500000 0.500000 0.500000 0.500000 0.500000 0.500000 0.500000 0.500000 0.500000 0.500000 0.500000 0.500000 0.500000 0.500000 0.500000 0.500000 0.500000 0.500000 0.500000 0.500000 0.500000 0.500000 0.500000 0.500000 0.500000 0.500000 0.500000 0.645772 0.643335 0.640876 0.638398 0.635903 0.633397 0.630889 0.628377 0.625858 0.623337 0.620820 0.618303 0.615784 0.613264 0.610746 0.608230 0.605711 0.603198 0.600704 0.598232 0.595785 0.593361 0.590956 0.588569 0.586200 0.583853 0.581531 0.579236 0.576967 0.574723 0.572497
0.695946 0.732901 0.740788 0.740941 0.740327 0.739643 0.738902 0.738109 0.737260 0.736349 0.735388 0.734393 0.733369 0.732315 0.731232 0.730121 0.728973 0.727780 0.726554 0.725308 0.724043 0.722759 0.721458 0.720143 0.718804 0.717434 0.716034 0.714613 0.713175 0.711727 0.710268 0.708798 0.500000 0.500000 0.500000 0.500000 0.500000 0.500000 0.500000 0.500000 0.500000 0.500000 0.500000 0.500000 0.500000 0.500000 0.500000 0.684735 0.683190 0.681616 0.680020 0.678413 0.676799 0.675176 0.500000 0.500000 0.500000 0.500000 0.500000 0.500000 0.500000 0.500000 0.500000 0.500000 0.500000 0.500000 0.500000 0.500000 0.500000 0.644334 0.641933 0.639502 0.637048 0.634572 0.632081 0.629586 0.627088 0.624587 0.622088 0.619596 0.617107 0.614619 0.612133 0.609652 0.607174 0.604695 0.602223 0.599770 0.597342 0.594944 0.592572 0.590224 0.587894 0.585581 0.583287 0.581012 0.578758 0.576523 0.574305 0.572099
0.693023 0.728967 0.736632 0.736773 0.736173 0.735513 0.734804 0.734042 0.733214 0.732309 0.731343 0.730341 0.729312 0.728257 0.727179 0.726076 0.724947 0.723789 0.722608 0.721411 0.720198 0.718969 0.717723 0.716461 0.715169 0.713836 0.712469 0.711078 0.709674 0.708258 0.706833 0.500000 0.500000 0.500000 0.500000 0.500000 0.500000 0.500000 0.500000 0.500000 0.500000 0.500000 0.500000 0.500000 0.500000 0.685023 0.683547 0.682064 0.680569 0.679055 0.677526 0.675988 0.674445 0.672898 0.671346 0.669779 0.500000 0.500000 0.500000 0.500000 0.500000 0.500000 0.500000 0.500000 0.500000 0.500000 0.500000 0.500000 0.500000 0.500000 0.640539 0.638141 0.635710 0.633247 0.630763 0.628273 0.625786 0.623304 0.620831 0.618366 0.615906 0.613446 0.610991 0.608543 0.606101 0.603662 0.601231 0.598819 0.596435 0.594087 0.591771 0.589479 0.587205 0.584946 0.582702 0.580473 0.578260 0.576059 0.573869 0.571689
0.690166 0.725100 0.732525 0.732643 0.732050 0.731403 0.730716 0.729987 0.729182 0.728272 0.727293 0.726287 0.725261 0.724212 0.723140 0.722051 0.720944 0.719819 0.718679 0.717526 0.716359 0.715179 0.713988 0.712781 0.711538 0.710240 0.708902 0.707546 0.706179 0.704798 0.703408 0.500000 0.500000 0.500000 0.500000 0.500000 0.500000 0.500000 0.500000 0.500000 0.500000 0.500000 0.500000 0.685125 0.683697 0.682267 0.680836 0.679400 0.677955 0.676497 0.675029 0.673556 0.672082 0.670609 0.669137 0.667653 0.666131 0.664549 0.500000 0.500000 0.500000 0.500000 0.500000 0.500000 0.500000 0.500000 0.500000 0.500000 0.500000 0.500000 0.639144 0.636778 0.634373 0.631917 0.629433 0.626947 0.624472 0.622010 0.619562 0.617124 0.614692 0.612261 0.609836 0.607423 0.605019 0.602619 0.600227 0.597852 0.595511 0.593217 0.590960 0.588726 0.586507 0.584299 0.582103 0.579920 0.577748 0.575582 0.573421 0.571269
0.687316 0.721247 0.728434 0.728528 0.727936 0.727291 0.726613 0.725902 0.725112 0.724200 0.723217 0.722217 0.721205 0.720170 0.719114 0.718045 0.716963 0.715872 0.714768 0.713652 0.712525 0.711388 0.710242 0.709083 0.707885 0.706623 0.705321 0.704006 0.702681 0.701342 0.500000 0.500000 0.500000 0.500000 0.500000 0.500000 0.500000 0.500000 0.500000 0.500000 0.500000 0.500000 0.683645 0.682266 0.680888 0.679508 0.678126 0.676739 0.675345 0.673941 0.672531 0.671119 0.669709 0.668305 0.666905 0.665499 0.664054 0.662541 0.660982 0.500000 0.500000 0.500000 0.500000 0.500000 0.500000 0.500000 0.500000 0.500000 0.500000 0.500000 0.500000 0.635385 0.632998 0.630551 0.628073 0.625599 0.623140 0.620698 0.618273 0.615863 0.613460 0.611059 0.608667 0.606291 0.603928 0.601570 0.599219 0.596886 0.594591 0.592351 0.590152 0.587973 0.585805 0.583646 0.581496 0.579357 0.577226 0.575095 0.572969 0.570849
0.684419 0.717362 0.724337 0.724413 0.723814 0.723163 0.722475 0.721750 0.720953 0.720057 0.719099 0.718123 0.717134 0.716124 0.715098 0.714058 0.713008 0.711948 0.710877 0.709792 0.708697 0.707592 0.706478 0.705349 0.704185 0.702968 0.701717 0.700450 0.699173 0.500000 0.500000 0.500000 0.500000 0.500000 0.500000 0.500000 0.500000 0.500000 0.500000 0.500000 0.500000 0.682060 0.680726 0.679395 0.678068 0.676742 0.675413 0.674079 0.672737 0.671386 0.670031 0.668677 0.667326 0.665980 0.664639 0.663293 0.661918 0.660491 0.659024 0.657535 0.500000 0.500000 0.500000 0.500000 0.500000 0.500000 0.500000 0.500000 0.500000 0.500000 0.500000 0.500000 0.631552 0.629122 0.626668 0.624217 0.621780 0.619361 0.616961 0.614578 0.612204 0.609837 0.607481 0.605143 0.602822 0.600512 0.598214 0.595936 0.593694 0.591503 0.589352 0.587222 0.585102 0.582989 0.580882 0.578785 0.576693 0.574603 0.572515 0.570435
0.681528 0.713487 0.720253 0.720308 0.719697 0.719028 0.718313 0.717557 0.716747 0.715873 0.714954 0.714014 0.713056 0.712080 0.711090 0.710087 0.709071 0.708043 0.707001 0.705944 0.704875 0.703795 0.702703 0.701595 0.700460 0.699291 0.698094 0.696882 0.695660 0.500000 0.500000 0.500000 0.500000 0.500000 0.500000 0.500000 0.500000 0.500000 0.500000 0.500000 0.680375 0.679082 0.677795 0.676514 0.675240 0.673969 0.672697 0.671419 0.670131 0.668832 0.667529 0.666228 0.664930 0.663635 0.662345 0.661054 0.659747 0.658412 0.657051 0.655666 0.654252 0.500000 0.500000 0.500000 0.500000 0.500000 0.500000 0.500000 0.500000 0.500000 0.500000 0.500000 0.630063 0.627650 0.625224 0.622802 0.620392 0.617997 0.615622 0.613267 0.610926 0.608595 0.606277 0.603979 0.601702 0.599445 0.597206 0.594988 0.592803 0.590660 0.588553 0.586470 0.584396 0.582327 0.580261 0.578204 0.576152 0.574104 0.572060 0.570021
0.678703 0.709674 0.716206 0.716229 0.715597 0.714895 0.714143 0.713360 0.712542 0.711686 0.710801 0.709899 0.708980 0.708041 0.707089 0.706125 0.705146 0.704149 0.703134 0.702104 0.701059 0.699998 0.698924 0.697838 0.696734 0.695608 0.694465 0.693310 0.692147 0.500000 0.500000 0.500000 0.500000 0.500000 0.500000 0.500000 0.500000 0.500000 0.500000 0.678600 0.677341 0.676093 0.674855 0.673626 0.672404 0.671188 0.669974 0.668757 0.667527 0.666279 0.665022 0.663768 0.662517 0.661269 0.660030 0.658799 0.657565 0.656317 0.655060 0.653792 0.652492 0.651126 0.500000 0.500000 0.500000 0.500000 0.500000 0.500000 0.500000 0.500000 0.500000 0.500000 0.628559 0.626157 0.623753 0.621356 0.618972 0.616603 0.614254 0.611930 0.609625 0.607333 0.605056 0.602800 0.600569 0.598366 0.596186 0.594026 0.591896 0.589804 0.587745 0.585709 0.583682 0.581656 0.579633 0.577615 0.575603 0.573598 0.571597 0.569599
0.675939 0.705927 0.712203 0.712167 0.711497 0.710754 0.709971 0.709170 0.708350 0.707508 0.706648 0.705778 0.704897 0.703999 0.703088 0.702165 0.701224 0.700256 0.699265 0.698258 0.697234 0.696192 0.695139 0.694079 0.693009 0.691925 0.690832 0.689734 0.500000 0.500000 0.500000 0.500000 0.500000 0.500000 0.500000 0.500000 0.500000 0.500000 0.676742 0.675507 0.674289 0.673086 0.671897 0.670721 0.669555 0.668396 0.667241 0.666087 0.664917 0.663717 0.662503 0.661290 0.660082 0.658880 0.657693 0.656523 0.655361 0.654195 0.653034 0.651882 0.650706 0.649461 0.648133 0.500000 0.500000 0.500000 0.500000 0.500000 0.500000 0.500000 0.500000 0.500000 0.500000 0.624641 0.622252 0.619878 0.617518 0.615174 0.612853 0.610562 0.608295 0.606046 0.603815 0.601605 0.599424 0.597276 0.595153 0.593050 0.590975 0.588934 0.586924 0.584934 0.582953 0.580973 0.578994 0.577020 0.575050 0.573086 0.571125 0.569166
0.673222 0.702232 0.708232 0.708102 0.707368 0.706589 0.705788 0.704982 0.704165 0.703333 0.702490 0.701644 0.700795 0.699941 0.699079 0.698204 0.697301 0.696360 0.695387 0.694392 0.693384 0.692365 0.691341 0.690314 0.689281 0.688239 0.687194 0.686149 0.500000 0.500000 0.500000 0.500000 0.500000 0.500000 0.500000 0.500000 0.500000 0.674809 0.673587 0.672388 0.671212 0.670054 0.668915 0.667793 0.666685 0.665587 0.664497 0.663405 0.662290 0.661137 0.659963 0.658786 0.657617 0.656461 0.655325 0.654213 0.653116 0.652027 0.650954 0.649902 0.648848 0.647758 0.646595 0.645290 0.500000 0.500000 0.500000 0.500000 0.500000 0.500000 0.500000 0.500000 0.500000 0.623091 0.620718 0.618361 0.616024 0.613707 0.611417 0.609159 0.606931 0.604729 0.602549 0.600394 0.598268 0.596175 0.594108 0.592062 0.590042 0.588052 0.586088 0.584141 0.582204 0.580271 0.578343 0.576418 0.574494 0.572569 0.570643 0.568721
0.670569 0.698584 0.704265 0.704013 0.703207 0.702394 0.701586 0.700786 0.699979 0.699155 0.698322 0.697493 0.696673 0.695864 0.695058 0.694242 0.693384 0.692462 0.691493 0.690504 0.689510 0.688516 0.687526 0.686538 0.685545 0.684545 0.683544 0.500000 0.500000 0.500000 0.500000 0.500000 0.500000 0.500000 0.500000 0.500000 0.672796 0.671587 0.670401 0.669242 0.668109 0.666998 0.665909 0.664841 0.663791 0.662756 0.661733 0.660709 0.659651 0.658540 0.657396 0.656250 0.655118 0.654006 0.652920 0.651864 0.650828 0.649805 0.648807 0.647843 0.646909 0.645987 0.645034 0.643939 0.642498 0.500000 0.500000 0.500000 0.500000 0.500000 0.500000 0.500000 0.500000 0.500000 0.619148 0.616808 0.614494 0.612208 0.609950 0.607724 0.605535 0.603383 0.601262 0.599167 0.597100 0.595063 0.593052 0.591063 0.589096 0.587154 0.585233 0.583328 0.581434 0.579552 0.577678 0.575808 0.573933 0.572046 0.570153 0.568265
0.667936 0.694907 0.700226 0.699853 0.698995 0.698159 0.697350 0.696564 0.695775 0.694960 0.694134 0.693321 0.692528 0.691758 0.691010 0.690262 0.689456 0.688543 0.687569 0.686586 0.685611 0.684644 0.683688 0.682742 0.681793 0.680831 0.679869 0.500000 0.500000 0.500000 0.500000 0.500000 0.500000 0.500000 0.500000 0.500000 0.669510 0.668330 0.667182 0.666067 0.664979 0.663916 0.662877 0.661862 0.660868 0.659892 0.658935 0.657986 0.656991 0.655912 0.654788 0.653671 0.652577 0.651506 0.650469 0.649469 0.648489 0.647518 0.646578 0.645693 0.644863 0.644082 0.643341 0.642521 0.641253 0.500000 0.500000 0.500000 0.500000 0.500000 0.500000 0.500000 0.500000 0.500000 0.617534 0.615218 0.612936 0.610685 0.608461 0.606266 0.604115 0.602018 0.599961 0.597929 0.595921 0.593941 0.591985 0.590051 0.588136 0.586239 0.584359 0.582495 0.580647 0.578814 0.576995 0.575183 0.573360 0.571511 0.569650 0.567796
0.665071 0.690970 0.695984 0.695553 0.694684 0.693849 0.693050 0.692283 0.691515 0.690716 0.689906 0.689113 0.688347 0.687610 0.686904 0.686207 0.685442 0.684546 0.683581 0.682617 0.681670 0.680733 0.679812 0.678906 0.677998 0.677072 0.500000 0.500000 0.500000 0.500000 0.500000 0.500000 0.500000 0.500000 0.500000 0.667349 0.666172 0.665031 0.663926 0.662856 0.661815 0.660800 0.659809 0.658844 0.657900 0.656974 0.656072 0.655184 0.654245 0.653203 0.652110 0.651031 0.649978 0.648949 0.647955 0.647002 0.646068 0.645137 0.644240 0.643409 0.642644 0.641940 0.641317 0.640669 0.639521 0.637473 0.500000 0.500000 0.500000 0.500000 0.500000 0.500000 0.500000 0.500000 0.500000 0.613582 0.611345 0.609141 0.606962 0.604809 0.602702 0.600660 0.598663 0.596689 0.594738 0.592812 0.590909 0.589026 0.587159 0.585306 0.583468 0.581647 0.579844 0.578058 0.576288 0.574527 0.572753 0.570945 0.569122 0.567307
0.661751 0.686593 0.691454 0.691069 0.690242 0.689441 0.688667 0.687918 0.687169 0.686400 0.685623 0.684860 0.684121 0.683408 0.682718 0.682028 0.681278 0.680422 0.679505 0.678583 0.677673 0.676773 0.675888 0.675015 0.674140 0.673253 0.500000 0.500000 0.500000 0.500000 0.500000 0.500000 0.500000 0.500000 0.665057 0.663901 0.662776 0.661686 0.660630 0.659607 0.658613 0.657643 0.656698 0.655777 0.654875 0.653990 0.653123 0.652262 0.651359 0.650374 0.649345 0.648320 0.647312 0.646326 0.645369 0.644445 0.643540 0.642642 0.641774 0.640962 0.640204 0.639495 0.638829 0.638089 0.636902 0.634975 0.632602 0.500000 0.500000 0.500000 0.500000 0.500000 0.500000 0.500000 0.500000 0.611894 0.609718 0.607575 0.605458 0.603368 0.601320 0.599328 0.597377 0.595454 0.593554 0.591678 0.589824 0.587988 0.586167 0.584359 0.582565 0.580787 0.579027 0.577283 0.575554 0.573830 0.572095 0.570335 0.568563 0.566793
0.658198 0.681954 0.686720 0.686442 0.685698 0.684952 0.684216 0.683490 0.682766 0.682034 0.681298 0.680569 0.679855 0.679159 0.678471 0.677771 0.677026 0.676217 0.675364 0.674496 0.673631 0.672774 0.671926 0.671084 0.670239 0.669390 0.500000 0.500000 0.500000 0.500000 0.500000 0.500000 0.500000 0.500000 0.661458 0.660386 0.659330 0.658300 0.657298 0.656325 0.655376 0.654451 0.653548 0.652667 0.651803 0.650953 0.650112 0.649266 0.648391 0.647468 0.646514 0.645551 0.644592 0.643646 0.642720 0.641817 0.640930 0.640053 0.639199 0.638380 0.637590 0.636812 0.636010 0.635073 0.633796 0.632041 0.629944 0.500000 0.500000 0.500000 0.500000 0.500000 0.500000 0.500000 0.500000 0.610158 0.608056 0.605984 0.603941 0.601926 0.599946 0.598002 0.596093 0.594214 0.592362 0.590534 0.588726 0.586936 0.585160 0.583397 0.581647 0.579912 0.578193 0.576489 0.574795 0.573103 0.571405 0.569695 0.567977 0.566257
0.654659 0.677279 0.681907 0.681737 0.681092 0.680411 0.679719 0.679029 0.678339 0.677644 0.676944 0.676249 0.675560 0.674877 0.674192 0.673492 0.672761 0.671990 0.671191 0.670380 0.669565 0.668752 0.667940 0.667132 0.666320 0.500000 0.500000 0.500000 0.500000 0.500000 0.500000 0.500000 0.500000 0.658791 0.657815 0.656828 0.655847 0.654882 0.653938 0.653015 0.652114 0.651232 0.650369 0.649526 0.648699 0.647883 0.647070 0.646250 0.645408 0.644537 0.643644 0.642740 0.641832 0.640922 0.640024 0.639142 0.638269 0.637398 0.636542 0.635707 0.634870 0.633997 0.633059 0.631989 0.630674 0.629039 0.627154 0.625130 0.500000 0.500000 0.500000 0.500000 0.500000 0.500000 0.500000 0.500000 0.606360 0.604366 0.602401 0.600462 0.598549 0.596660 0.594797 0.592961 0.591153 0.589372 0.587612 0.585868 0.584138 0.582420 0.580714 0.579021 0.577341 0.575675 0.574018 0.572363 0.570705 0.569041 0.567373 0.565704
0.651176 0.672638 0.677083 0.676992 0.676438 0.675826 0.675186 0.674543 0.673895 0.673236 0.672570 0.671906 0.671242 0.670574 0.669898 0.669209 0.668498 0.667762 0.667008 0.666247 0.665481 0.664709 0.663934 0.663161 0.662382 0.500000 0.500000 0.500000 0.500000 0.500000 0.500000 0.500000 0.500000 0.655063 0.654156 0.653243 0.652335 0.651436 0.650550 0.649682 0.648830 0.647992 0.647170 0.646366 0.645576 0.644795 0.644017 0.643230 0.642426 0.641597 0.640749 0.639893 0.639028 0.638155 0.637285 0.636425 0.635562 0.634690 0.633820 0.632957 0.632071 0.631116 0.630085 0.628952 0.627637 0.626085 0.624344 0.622492 0.500000 0.500000 0.500000 0.500000 0.500000 0.500000 0.500000 0.500000 0.604636 0.602721 0.600833 0.598969 0.597123 0.595294 0.593483 0.591694 0.589932 0.588199 0.586488 0.584790 0.583104 0.581430 0.579767 0.578114 0.576473 0.574845 0.573226 0.571610 0.569994 0.568376 0.566755 0.565137
0.647728 0.668033 0.672270 0.672224 0.671740 0.671198 0.670625 0.670038 0.669436 0.668815 0.668181 0.667544 0.666903 0.666254 0.665594 0.664923 0.664237 0.663535 0.662822 0.662105 0.661380 0.660647 0.659910 0.659169 0.658421 0.500000 0.500000 0.500000 0.500000 0.500000 0.500000 0.500000 0.652166 0.651333 0.650488 0.649640 0.648798 0.647963 0.647139 0.646326 0.645525 0.644735 0.643957 0.643193 0.642442 0.641700 0.640960 0.640210 0.639441 0.638647 0.637832 0.637008 0.636176 0.635341 0.634505 0.633667 0.632814 0.631937 0.631044 0.630140 0.629202 0.628199 0.627125 0.625964 0.624662 0.623181 0.621553 0.619828 0.618024 0.500000 0.500000 0.500000 0.500000 0.500000 0.500000 0.500000 0.602888 0.601051 0.599239 0.597447 0.595671 0.593905 0.592152 0.590417 0.588706 0.587023 0.585359 0.583705 0.582061 0.580429 0.578808 0.577196 0.575595 0.574004 0.572420 0.570842 0.569268 0.567695 0.566124 0.564554
0.644324 0.663472 0.667482 0.667458 0.667025 0.666550 0.666045 0.665521 0.664970 0.664387 0.663782 0.663168 0.662549 0.661923 0.661285 0.660637 0.659979 0.659312 0.658637 0.657957 0.657269 0.656573 0.655872 0.655164 0.500000 0.500000 0.500000 0.500000 0.500000 0.500000 0.500000 0.500000 0.648388 0.647603 0.646815 0.646026 0.645244 0.644473 0.643710 0.642954 0.642205 0.641464 0.640731 0.640008 0.639296 0.638596 0.637899 0.637192 0.636460 0.635693 0.634901 0.634096 0.633291 0.632491 0.631693 0.630884 0.630043 0.629156 0.628233 0.627285 0.626305 0.625279 0.624195 0.623033 0.621756 0.620336 0.618796 0.617168 0.615473 0.500000 0.500000 0.500000 0.500000 0.500000 0.500000 0.500000 0.500000 0.599360 0.597624 0.595906 0.594199 0.592497 0.590805 0.589128 0.587472 0.585840 0.584223 0.582614 0.581012 0.579421 0.577841 0.576270 0.574708 0.573154 0.571606 0.570063 0.568527 0.567002 0.565481 0.563962
0.640969 0.658957 0.662721 0.662705 0.662316 0.661894 0.661451 0.660993 0.660499 0.659950 0.659369 0.658780 0.658187 0.657585 0.656973 0.656353 0.655727 0.655093 0.654452 0.653806 0.653153 0.652490 0.651823 0.651152 0.500000 0.500000 0.500000 0.500000 0.500000 0.500000 0.500000 0.645358 0.644615 0.643877 0.643141 0.642408 0.641683 0.640973 0.640271 0.639571 0.638875 0.638182 0.637493 0.636809 0.636137 0.635479 0.634829 0.634171 0.633480 0.632735 0.631957 0.631169 0.630386 0.629616 0.628852 0.628078 0.627256 0.626353 0.625397 0.624416 0.623413 0.622378 0.621301 0.620162 0.618922 0.617553 0.616079 0.614534 0.612938 0.611299 0.500000 0.500000 0.500000 0.500000 0.500000 0.500000 0.500000 0.597652 0.595993 0.594350 0.592712 0.591073 0.589440 0.587823 0.586223 0.584644 0.583077 0.581516 0.579959 0.578411 0.576870 0.575337 0.573814 0.572300 0.570789 0.569282 0.567785 0.566305 0.564835 0.563366
0.637621 0.654452 0.657971 0.657960 0.657608 0.657228 0.656834 0.656432 0.655991 0.655479 0.654929 0.654373 0.653812 0.653239 0.652656 0.652068 0.651474 0.650872 0.650263 0.649649 0.649027 0.648396 0.647760 0.647123 0.500000 0.500000 0.500000 0.500000 0.500000 0.500000 0.500000 0.641556 0.640852 0.640160 0.639476 0.638795 0.638125 0.637472 0.636827 0.636182 0.635537 0.634890 0.634244 0.633600 0.632966 0.632348 0.631739 0.631125 0.630472 0.629753 0.628993 0.628225 0.627463 0.626714 0.625973 0.625223 0.624415 0.623506 0.622533 0.621539 0.620530 0.619498 0.618435 0.617326 0.616128 0.614807 0.613393 0.611927 0.610422 0.608882 0.500000 0.500000 0.500000 0.500000 0.500000 0.500000 0.500000 0.595930 0.594346 0.592774 0.591204 0.589629 0.588058 0.586501 0.584960 0.583435 0.581920 0.580408 0.578900 0.577396 0.575897 0.574404 0.572922 0.571449 0.569981 0.568513 0.567056 0.565619 0.564194 0.562770
0.634241 0.649926 0.653216 0.653214 0.652892 0.652546 0.652188 0.651818 0.651413 0.650950 0.650451 0.649940 0.649419 0.648884 0.648336 0.647780 0.647217 0.646645 0.646065 0.645479 0.644886 0.644287 0.643682 0.500000 0.500000 0.500000 0.500000 0.500000 0.500000 0.500000 0.638434 0.637761 0.637100 0.636454 0.635820 0.635193 0.634577 0.633975 0.633382 0.632789 0.632192 0.631592 0.630989 0.630386 0.629790 0.629205 0.628626 0.628038 0.627413 0.626728 0.626002 0.625262 0.624522 0.623784 0.623046 0.622293 0.621486 0.620590 0.619634 0.618652 0.617653 0.616632 0.615585 0.614497 0.613335 0.612071 0.610730 0.609344 0.607924 0.606474 0.604998 0.500000 0.500000 0.500000 0.500000 0.500000 0.500000 0.500000 0.592680 0.591173 0.589669 0.588162 0.586659 0.585167 0.583685 0.582215 0.580751 0.579291 0.577831 0.576375 0.574923 0.573477 0.572040 0.570612 0.569187 0.567765 0.566352 0.564955 0.563566 0.562178
0.630856 0.645397 0.648464 0.648472 0.648177 0.647859 0.647524 0.647174 0.646798 0.646387 0.645948 0.645490 0.645016 0.644523 0.644014 0.643493 0.642961 0.642418 0.641865 0.641303 0.640737 0.640166 0.639590 0.500000 0.500000 0.500000 0.500000 0.500000 0.500000 0.500000 0.634602 0.633970 0.633351 0.632753 0.632170 0.631597 0.631034 0.630482 0.629939 0.629395 0.628847 0.628290 0.627729 0.627166 0.626608 0.626054 0.625500 0.624931 0.624329 0.623679 0.622994 0.622287 0.621567 0.620835 0.620090 0.619323 0.618513 0.617641 0.616717 0.615760 0.614781 0.613779 0.612751 0.611684 0.610557 0.609356 0.608092 0.606786 0.605447 0.604081 0.602688 0.500000 0.500000 0.500000 0.500000 0.500000 0.500000 0.500000 0.590999 0.589554 0.588115 0.586680 0.585249 0.583824 0.582405 0.580989 0.579577 0.578167 0.576758 0.575350 0.573947 0.572551 0.571164 0.569783 0.568406 0.567033 0.565666 0.564305 0.562947 0.561589
0.627497 0.640893 0.643727 0.643741 0.643471 0.643174 0.642859 0.642528 0.642182 0.641817 0.641434 0.641034 0.640612 0.640163 0.639695 0.639212 0.638714 0.638198 0.637668 0.637129 0.636585 0.636038 0.635489 0.500000 0.500000 0.500000 0.500000 0.500000 0.500000 0.500000 0.630769 0.630174 0.629598 0.629049 0.628520 0.628001 0.627492 0.626993 0.626499 0.626005 0.625502 0.624986 0.624464 0.623941 0.623420 0.622899 0.622373 0.621830 0.621253 0.620633 0.619979 0.619303 0.618603 0.617875 0.617125 0.616353 0.615547 0.614695 0.613801 0.612872 0.611918 0.610941 0.609938 0.608901 0.607816 0.606674 0.605483 0.604253 0.602992 0.601703 0.600389 0.500000 0.500000 0.500000 0.500000 0.500000 0.500000 0.500000 0.589308 0.587927 0.586553 0.585189 0.583830 0.582474 0.581119 0.579760 0.578401 0.577043 0.575684 0.574325 0.572970 0.571622 0.570284 0.568955 0.567630 0.566307 0.564985 0.563660 0.562333 0.561004
0.624170 0.636421 0.639011 0.639024 0.638775 0.638497 0.638200 0.637893 0.637577 0.637254 0.636921 0.636574 0.636204 0.635803 0.635378 0.634938 0.634475 0.633986 0.633477 0.632956 0.632431 0.631906 0.500000 0.500000 0.500000 0.500000 0.500000 0.500000 0.500000 0.627504 0.626937 0.626379 0.625844 0.625345 0.624871 0.624409 0.623954 0.623507 0.623063 0.622615 0.622156 0.621681 0.621199 0.620715 0.620232 0.619748 0.619254 0.618740 0.618191 0.617595 0.616965 0.616312 0.615629 0.614908 0.614160 0.613392 0.612598 0.611766 0.610899 0.609999 0.609074 0.608125 0.607151 0.606149 0.605109 0.604023 0.602897 0.601739 0.600550 0.599335 0.598098 0.596839 0.500000 0.500000 0.500000 0.500000 0.500000 0.500000 0.500000 0.586296 0.584988 0.583690 0.582399 0.581110 0.579818 0.578519 0.577216 0.575913 0.574608 0.573299 0.571991 0.570691 0.569402 0.568124 0.566852 0.565579 0.564300 0.563013 0.561719 0.560418
0.620869 0.631979 0.634317 0.634317 0.634082 0.633824 0.633552 0.633273 0.632989 0.632702 0.632409 0.632106 0.631784 0.631436 0.631065 0.630672 0.630247 0.629783 0.629291 0.628785 0.628277 0.627772 0.500000 0.500000 0.500000 0.500000 0.500000 0.500000 0.500000 0.623648 0.623111 0.622586 0.622093 0.621644 0.621227 0.620824 0.620425 0.620027 0.619627 0.619222 0.618806 0.618375 0.617936 0.617495 0.617052 0.616604 0.616145 0.615663 0.615141 0.614568 0.613955 0.613313 0.612640 0.611932 0.611197 0.610442 0.609663 0.608855 0.608015 0.607147 0.606253 0.605336 0.604394 0.603426 0.602427 0.601394 0.600328 0.599234 0.598114 0.596972 0.595811 0.594631 0.500000 0.500000 0.500000 0.500000 0.500000 0.500000 0.500000 0.584666 0.583423 0.582187 0.580955 0.579724 0.578491 0.577255 0.576016 0.574774 0.573526 0.572269 0.571010 0.569757 0.568516 0.567289 0.566068 0.564844 0.563610 0.562360 0.561098 0.559828
0.617596 0.627564 0.629640 0.629617 0.629392 0.629154 0.628910 0.628662 0.628412 0.628157 0.627898 0.627632 0.627354 0.627059 0.626746 0.626409 0.626029 0.625589 0.625108 0.624614 0.624122 0.623637 0.500000 0.500000 0.500000 0.500000 0.500000 0.500000 0.500000 0.619804 0.619293 0.618794 0.618337 0.617942 0.617589 0.617249 0.616906 0.616555 0.616196 0.615830 0.615454 0.615068 0.614674 0.614277 0.613874 0.613465 0.613044 0.612598 0.612106 0.611552 0.610949 0.610314 0.609651 0.608958 0.608241 0.607503 0.606744 0.605960 0.605150 0.604315 0.603456 0.602572 0.601663 0.600728 0.599769 0.598786 0.597778 0.596744 0.595690 0.594620 0.593533 0.592429 0.500000 0.500000 0.500000 0.500000 0.500000 0.500000 0.500000 0.583039 0.581859 0.580681 0.579502 0.578324 0.577148 0.575974 0.574802 0.573626 0.572438 0.571234 0.570022 0.568816 0.567624 0.566447 0.565278 0.564105 0.562916 0.561701 0.560469 0.559231
0.614338 0.623159 0.624964 0.624915 0.624699 0.624482 0.624267 0.624053 0.623836 0.623611 0.623381 0.623150 0.622913 0.622664 0.622407 0.622135 0.621808 0.621389 0.620916 0.620437 0.619966 0.500000 0.500000 0.500000 0.500000 0.500000 0.500000 0.500000 0.616451 0.615980 0.615494 0.615012 0.614586 0.614250 0.613967 0.613691 0.613401 0.613094 0.612774 0.612444 0.612106 0.611762 0.611412 0.611055 0.610693 0.610322 0.609941 0.609537 0.609078 0.608537 0.607939 0.607315 0.606668 0.605994 0.605296 0.604579 0.603842 0.603082 0.602301 0.601501 0.600678 0.599831 0.598957 0.598057 0.597137 0.596203 0.595250 0.594277 0.593287 0.592286 0.591272 0.590241 0.589185 0.500000 0.500000 0.500000 0.500000 0.500000 0.500000 0.500000 0.580297 0.579174 0.578048 0.576922 0.575800 0.574687 0.573578 0.572468 0.571342 0.570189 0.569023 0.567863 0.566718 0.565589 0.564472 0.563356 0.562216 0.561032 0.559826 0.558619
0.611043 0.618714 0.620259 0.620196 0.619995 0.619802 0.619616 0.619435 0.619249 0.619051 0.618848 0.618649 0.618448 0.618237 0.618025 0.617808 0.617530 0.617143 0.616696 0.616246 0.615809 0.500000 0.500000 0.500000 0.500000 0.500000 0.500000 0.500000 0.612614 0.612186 0.611736 0.611284 0.610892 0.610610 0.610385 0.610160 0.609915 0.609648 0.609364 0.609069 0.608767 0.608461 0.608150 0.607831 0.607503 0.607165 0.606817 0.606448 0.606019 0.605495 0.604912 0.604307 0.603683 0.603032 0.602358 0.601665 0.600953 0.600220 0.599470 0.598705 0.597921 0.597112 0.596277 0.595417 0.594539 0.593652 0.592753 0.591836 0.590908 0.589971 0.589023 0.588059 0.587070 0.500000 0.500000 0.500000 0.500000 0.500000 0.500000 0.500000 0.578727 0.577664 0.576593 0.575520 0.574453 0.573395 0.572343 0.571291 0.570222 0.569120 0.568002 0.566890 0.565790 0.564706 0.563636 0.562570 0.561476 0.560328 0.559154 0.557985
0.607667 0.614191 0.615505 0.615448 0.615275 0.615110 0.614953 0.614798 0.614639 0.614467 0.614292 0.614121 0.613949 0.613770 0.613589 0.613397 0.613152 0.612819 0.612432 0.612037 0.611648 0.500000 0.500000 0.500000 0.500000 0.500000 0.500000 0.609158 0.608803 0.608425 0.608032 0.607643 0.607307 0.607058 0.606859 0.606662 0.606449 0.606217 0.605968 0.605709 0.605442 0.605172 0.604894 0.604606 0.604305 0.603992 0.603663 0.603309 0.602897 0.602405 0.601857 0.601283 0.600688 0.600066 0.599420 0.598755 0.598073 0.597371 0.596655 0.595927 0.595182 0.594414 0.593622 0.592809 0.591979 0.591139 0.590288 0.589424 0.588550 0.587670 0.586781 0.585876 0.584948 0.583997 0.500000 0.500000 0.500000 0.500000 0.500000 0.500000 0.577145 0.576144 0.575135 0.574120 0.573106 0.572098 0.571094 0.570087 0.569064 0.568016 0.566954 0.565891 0.564836 0.563793 0.562759 0.561726 0.560669 0.559569 0.558446 0.557325
0.604248 0.609622 0.610715 0.610676 0.610537 0.610403 0.610274 0.610145 0.610010 0.609865 0.609717 0.609572 0.609426 0.609275 0.609114 0.608936 0.608720 0.608449 0.608139 0.607811 0.607480 0.500000 0.500000 0.500000 0.500000 0.500000 0.500000 0.605319 0.605013 0.604693 0.604368 0.604055 0.603780 0.603560 0.603374 0.603194 0.603006 0.602804 0.602588 0.602364 0.602131 0.601892 0.601644 0.601384 0.601108 0.600815 0.600498 0.600149 0.599752 0.599296 0.598793 0.598257 0.597694 0.597104 0.596490 0.595856 0.595204 0.594538 0.593858 0.593167 0.592460 0.591734 0.590991 0.590228 0.589449 0.588656 0.587851 0.587034 0.586210 0.585382 0.584546 0.583696 0.582829 0.581946 0.500000 0.500000 0.500000 0.500000 0.500000 0.500000 0.575557 0.574621 0.573674 0.572718 0.571758 0.570797 0.569834 0.568864 0.567883 0.566888 0.565883 0.564873 0.563863 0.562858 0.561854 0.560846 0.559823 0.558775 0.557713 0.556646
0.600831 0.605044 0.605910 0.605889 0.605786 0.605681 0.605578 0.605478 0.605371 0.605253 0.605131 0.605012 0.604893 0.604766 0.604626 0.604470 0.604289 0.604076 0.603834 0.603572 0.500000 0.500000 0.500000 0.500000 0.500000 0.500000 0.500000 0.601493 0.601238 0.600980 0.600723 0.600479 0.600258 0.600070 0.599904 0.599745 0.599581 0.599408 0.599224 0.599031 0.598830 0.598622 0.598403 0.598171 0.597920 0.597646 0.597344 0.597007 0.596630 0.596209 0.595746 0.595246 0.594716 0.594159 0.593577 0.592974 0.592354 0.591724 0.591081 0.590424 0.589754 0.589072 0.588377 0.587666 0.586938 0.586193 0.585433 0.584661 0.583883 0.583104 0.582319 0.581526 0.580722 0.579906 0.500000 0.500000 0.500000 0.500000 0.500000 0.500000 0.500000 0.573099 0.572212 0.571315 0.570408 0.569491 0.568568 0.567638 0.566700 0.565753 0.564799 0.563840 0.562877 0.561908 0.560935 0.559957 0.558970 0.557974 0.556969 0.555960
0.597420 0.600469 0.601100 0.601090 0.601019 0.600943 0.600867 0.600796 0.600720 0.600630 0.600535 0.600444 0.600353 0.600252 0.600142 0.600018 0.599877 0.599715 0.599531 0.599328 0.500000 0.500000 0.500000 0.500000 0.500000 0.500000 0.500000 0.597677 0.597477 0.597280 0.597088 0.596903 0.596731 0.596579 0.596440 0.596306 0.596169 0.596023 0.595869 0.595707 0.595538 0.595360 0.595172 0.594969 0.594745 0.594495 0.594214 0.593900 0.593549 0.593160 0.592732 0.592265 0.591766 0.591239 0.590688 0.590114 0.589526 0.588931 0.588326 0.587705 0.587072 0.586432 0.585783 0.585120 0.584440 0.583742 0.583028 0.582302 0.581570 0.580839 0.580106 0.579368 0.578625 0.577876 0.500000 0.500000 0.500000 0.500000 0.500000 0.500000 0.500000 0.571583 0.570750 0.569907 0.569051 0.568180 0.567298 0.566413 0.565520 0.564618 0.563709 0.562796 0.561877 0.560946 0.560008 0.559066 0.558121 0.557173 0.556222 0.555269
0.594011 0.595894 0.596286 0.596280 0.596237 0.596190 0.596145 0.596101 0.596053 0.595995 0.595931 0.595866 0.595802 0.595736 0.595664 0.595582 0.595485 0.595369 0.595234 0.595083 0.500000 0.500000 0.500000 0.500000 0.500000 0.500000 0.594016 0.593871 0.593728 0.593591 0.593460 0.593331 0.593208 0.593092 0.592981 0.592871 0.592760 0.592643 0.592519 0.592389 0.592253 0.592107 0.591950 0.591778 0.591584 0.591365 0.591116 0.590834 0.590515 0.590156 0.589757 0.589320 0.588851 0.588352 0.587826 0.587280 0.586723 0.586163 0.585595 0.585013 0.584419 0.583817 0.583207 0.582586 0.581951 0.581300 0.580633 0.579955 0.579272 0.578589 0.577905 0.577221 0.576537 0.575854 0.575168 0.500000 0.500000 0.500000 0.500000 0.500000 0.500000 0.570073 0.569291 0.568495 0.567685 0.566862 0.566030 0.565192 0.564345 0.563486 0.562618 0.561744 0.560861 0.559970 0.559073 0.558174 0.557275 0.556375 0.555476 0.554574
0.590604 0.591323 0.591472 0.591467 0.591449 0.591432 0.591417 0.591400 0.591379 0.591352 0.591318 0.591280 0.591245 0.591217 0.591191 0.591158 0.591107 0.591033 0.590941 0.590837 0.500000 0.500000 0.500000 0.500000 0.500000 0.500000 0.590154 0.590068 0.589984 0.589906 0.589833 0.589761 0.589686 0.589606 0.589522 0.589437 0.589351 0.589264 0.589174 0.589078 0.588975 0.588863 0.588738 0.588599 0.588439 0.588256 0.588046 0.587803 0.587520 0.587190 0.586818 0.586410 0.585969 0.585496 0.584994 0.584471 0.583942 0.583416 0.582887 0.582346 0.581791 0.581225 0.580650 0.580065 0.579471 0.578867 0.578251 0.577623 0.576989 0.576356 0.575720 0.575084 0.574456 0.573841 0.573230 0.500000 0.500000 0.500000 0.500000 0.500000 0.500000 0.568571 0.567835 0.567082 0.566318 0.565545 0.564766 0.563979 0.563179 0.562362 0.561531 0.560691 0.559844 0.558992 0.558138 0.557283 0.556430 0.555580 0.554731 0.553880
0.587206 0.586761 0.586666 0.586661 0.586665 0.586677 0.586691 0.586702 0.586707 0.586706 0.586699 0.586688 0.586684 0.586695 0.586715 0.586733 0.586731 0.586696 0.586642 0.500000 0.500000 0.500000 0.500000 0.500000 0.500000 0.500000 0.586286 0.586260 0.586237 0.586217 0.586200 0.586186 0.586161 0.586116 0.586057 0.585998 0.585941 0.585888 0.585834 0.585774 0.585706 0.585627 0.585536 0.585432 0.585310 0.585164 0.584994 0.584795 0.584552 0.584253 0.583907 0.583529 0.583118 0.582671 0.582192 0.581689 0.581184 0.580695 0.580207 0.579705 0.579186 0.578654 0.578112 0.577561 0.577007 0.576450 0.575886 0.575310 0.574726 0.574144 0.573558 0.572968 0.572393 0.571846 0.571311 0.500000 0.500000 0.500000 0.500000 0.500000 0.500000 0.500000 0.566379 0.565672 0.564955 0.564234 0.563508 0.562773 0.562022 0.561246 0.560452 0.559646 0.558835 0.558024 0.557212 0.556399 0.555590 0.554790 0.553993 0.553194
0.583823 0.582215 0.581875 0.581867 0.581894 0.581931 0.581972 0.582007 0.582036 0.582059 0.582078 0.582094 0.582120 0.582165 0.582225 0.582288 0.582331 0.582336 0.582323 0.500000 0.500000 0.500000 0.500000 0.500000 0.500000 0.582382 0.582409 0.582443 0.582480 0.582516 0.582555 0.582595 0.582618 0.582609 0.582582 0.582554 0.582530 0.582512 0.582495 0.582473 0.582442 0.582397 0.582342 0.582276 0.582192 0.582084 0.581953 0.581795 0.581593 0.581328 0.581015 0.580669 0.580291 0.579876 0.579426 0.578949 0.578473 0.578018 0.577566 0.577098 0.576610 0.576109 0.575597 0.575079 0.574563 0.574054 0.573542 0.573019 0.572490 0.571963 0.571431 0.570894 0.570374 0.569890 0.569420 0.568937 0.500000 0.500000 0.500000 0.500000 0.500000 0.500000 0.564924 0.564264 0.563597 0.562926 0.562250 0.561566 0.560864 0.560132 0.559377 0.558611 0.557840 0.557073 0.556305 0.555534 0.554769 0.554017 0.553270 0.552520
0.580457 0.577688 0.577098 0.577087 0.577136 0.577196 0.577258 0.577315 0.577367 0.577412 0.577455 0.577499 0.577554 0.577627 0.577714 0.577806 0.577885 0.577936 0.577975 0.500000 0.500000 0.500000 0.500000 0.500000 0.500000 0.578432 0.578520 0.578612 0.578707 0.578800 0.578892 0.578979 0.579045 0.579080 0.579095 0.579105 0.579119 0.579137 0.579156 0.579171 0.579176 0.579170 0.579153 0.579125 0.579080 0.579012 0.578919 0.578797 0.578630 0.578406 0.578135 0.577829 0.577489 0.577111 0.576700 0.576266 0.575828 0.575401 0.574973 0.574529 0.574067 0.573592 0.573108 0.572622 0.572144 0.571680 0.571220 0.570755 0.570287 0.569821 0.569351 0.568879 0.568420 0.567986 0.567562 0.567127 0.500000 0.500000 0.500000 0.500000 0.500000 0.500000 0.563469 0.562859 0.562242 0.561619 0.560990 0.560352 0.559694 0.559010 0.558304 0.557584 0.556862 0.556141 0.555420 0.554698 0.553980 0.553271 0.552567 0.551860
0.577097 0.573168 0.572330 0.572317 0.572388 0.572466 0.572548 0.572627 0.572702 0.572769 0.572833 0.572903 0.572983 0.573077 0.573185 0.573299 0.573408 0.573508 0.573601 0.500000 0.500000 0.500000 0.500000 0.500000 0.500000 0.574468 0.574617 0.574770 0.574922 0.575072 0.575216 0.575349 0.575458 0.575539 0.575599 0.575653 0.575706 0.575760 0.575814 0.575865 0.575909 0.575943 0.575968 0.575982 0.575980 0.575953 0.575899 0.575811 0.575680 0.575500 0.575275 0.575013 0.574713 0.574377 0.574012 0.573627 0.573230 0.572829 0.572417 0.571991 0.571550 0.571096 0.570637 0.570182 0.569742 0.569322 0.568915 0.568511 0.568108 0.567708 0.567308 0.566907 0.566511 0.566122 0.565735 0.565339 0.500000 0.500000 0.500000 0.500000 0.500000 0.500000 0.562018 0.561459 0.560892 0.560317 0.559732 0.559136 0.558523 0.557887 0.557232 0.556565 0.555894 0.555223 0.554553 0.553882 0.553212 0.552544 0.551878 0.551211
0.573729 0.568644 0.567561 0.567548 0.567640 0.567738 0.567839 0.567942 0.568041 0.568129 0.568213 0.568303 0.568404 0.568518 0.568644 0.568780 0.568921 0.569065 0.569211 0.500000 0.500000 0.500000 0.500000 0.500000 0.500000 0.570492 0.570702 0.570916 0.571129 0.571335 0.571530 0.571712 0.571870 0.571997 0.572102 0.572197 0.572288 0.572378 0.572467 0.572556 0.572641 0.572719 0.572789 0.572851 0.572897 0.572916 0.572902 0.572853 0.572761 0.572624 0.572443 0.572224 0.571968 0.571676 0.571356 0.571016 0.570658 0.570281 0.569885 0.569473 0.569049 0.568616 0.568180 0.567751 0.567345 0.566974 0.566625 0.566283 0.565947 0.565617 0.565288 0.564956 0.564620 0.564280 0.563932 0.563574 0.500000 0.500000 0.500000 0.500000 0.500000 0.500000 0.560573 0.560065 0.559548 0.559020 0.558479 0.557926 0.557356 0.556767 0.556162 0.555548 0.554930 0.554313 0.553695 0.553075 0.552452 0.551826 0.551197 0.550569
0.570349 0.564105 0.562780 0.562767 0.562883 0.563002 0.563126 0.563254 0.563377 0.563487 0.563592 0.563701 0.563819 0.563949 0.564093 0.564250 0.564424 0.564613 0.500000 0.500000 0.500000 0.500000 0.500000 0.500000 0.566246 0.566506 0.566774 0.567049 0.567323 0.567585 0.567835 0.568070 0.568279 0.568453 0.568601 0.568737 0.568867 0.568992 0.569118 0.569247 0.569374 0.569499 0.569619 0.569732 0.569830 0.569899 0.569935 0.569931 0.569883 0.569787 0.569645 0.569466 0.569250 0.569000 0.568724 0.568426 0.568104 0.567752 0.567375 0.566978 0.566568 0.566151 0.565731 0.565324 0.564952 0.564632 0.564346 0.564074 0.563808 0.563550 0.563289 0.563020 0.562741 0.562450 0.562147 0.561829 0.561497 0.500000 0.500000 0.500000 0.500000 0.500000 0.500000 0.558674 0.558205 0.557723 0.557227 0.556718 0.556193 0.555650 0.555094 0.554531 0.553967 0.553403 0.552839 0.552271 0.551694 0.551110 0.550520 0.549929
0.566956 0.559548 0.557980 0.557967 0.558106 0.558252 0.558402 0.558556 0.558704 0.558838 0.558966 0.559094 0.559229 0.559373 0.559530 0.559707 0.559913 0.560151 0.500000 0.500000 0.500000 0.500000 0.500000 0.500000 0.562196 0.562512 0.562837 0.563169 0.563499 0.563821 0.564131 0.564422 0.564682 0.564903 0.565095 0.565272 0.565440 0.565605 0.565771 0.565940 0.566112 0.566285 0.566457 0.566623 0.566775 0.566903 0.566998 0.567050 0.567049 0.566992 0.566884 0.566735 0.566554 0.566345 0.566112 0.565853 0.565564 0.565243 0.564891 0.564513 0.564116 0.563704 0.563291 0.562898 0.562558 0.562293 0.562081 0.561890 0.561704 0.561515 0.561316 0.561100 0.560871 0.560630 0.560374 0.560101 0.559811 0.500000 0.500000 0.500000 0.500000 0.500000 0.500000 0.557280 0.556856 0.556420 0.555972 0.555510 0.555031 0.554534 0.554025 0.553512 0.552999 0.552489 0.551979 0.551463 0.550935 0.550392 0.549840 0.549286
0.563544 0.554968 0.553158 0.553148 0.553311 0.553485 0.553667 0.553849 0.554024 0.554183 0.554332 0.554480 0.554632 0.554790 0.554959 0.555151 0.555387 0.555681 0.500000 0.500000 0.500000 0.500000 0.500000 0.500000 0.558142 0.558515 0.558897 0.559283 0.559668 0.560052 0.560426 0.560778 0.561091 0.561358 0.561590 0.561805 0.562012 0.562218 0.562425 0.562636 0.562853 0.563077 0.563304 0.563524 0.563733 0.563923 0.564085 0.564204 0.564259 0.564236 0.564151 0.564027 0.563877 0.563708 0.563516 0.563298 0.563047 0.562760 0.562436 0.562079 0.561695 0.561288 0.560871 0.560476 0.560161 0.559963 0.559843 0.559745 0.559639 0.559516 0.559371 0.559203 0.559019 0.558826 0.558618 0.558391 0.558146 0.500000 0.500000 0.500000 0.500000 0.500000 0.500000 0.555886 0.555505 0.555115 0.554714 0.554301 0.553869 0.553418 0.552953 0.552487 0.552024 0.551567 0.551112 0.550651 0.550173 0.549670 0.549153 0.548633
0.560116 0.550373 0.548324 0.548315 0.548502 0.548704 0.548917 0.549132 0.549336 0.549518 0.549688 0.549858 0.550032 0.550212 0.550397 0.550600 0.550863 0.551220 0.500000 0.500000 0.500000 0.500000 0.500000 0.500000 0.554093 0.554522 0.554962 0.555402 0.555842 0.556285 0.556723 0.557142 0.557514 0.557822 0.558088 0.558338 0.558585 0.558834 0.559084 0.559337 0.559599 0.559876 0.560159 0.560437 0.560702 0.560952 0.561181 0.561376 0.561494 0.561502 0.561433 0.561332 0.561216 0.561085 0.560938 0.560766 0.560559 0.560308 0.560013 0.559681 0.559317 0.558926 0.558508 0.558096 0.557792 0.557676 0.557666 0.557659 0.557622 0.557558 0.557463 0.557336 0.557192 0.557045 0.556886 0.556705 0.556502 0.500000 0.500000 0.500000 0.500000 0.500000 0.500000 0.554497 0.554157 0.553809 0.553454 0.553090 0.552707 0.552299 0.551876 0.551454 0.551040 0.550633 0.550232 0.549829 0.549402 0.548934 0.548447 0.547963
0.556699 0.545786 0.543491 0.543479 0.543687 0.543913 0.544154 0.544399 0.544632 0.544841 0.545037 0.545236 0.545442 0.545654 0.545870 0.546101 0.546401 0.546816 0.500000 0.500000 0.500000 0.500000 0.500000 0.549608 0.550063 0.550544 0.551038 0.551531 0.552022 0.552517 0.553011 0.553490 0.553918 0.554270 0.554575 0.554868 0.555161 0.555457 0.555755 0.556054 0.556363 0.556691 0.557028 0.557358 0.557675 0.557976 0.558263 0.558523 0.558700 0.558747 0.558709 0.558645 0.558569 0.558482 0.558381 0.558257 0.558097 0.557888 0.557633 0.557337 0.557010 0.556655 0.556264 0.555863 0.555583 0.555535 0.555606 0.555662 0.555676 0.555657 0.555604 0.555515 0.555408 0.555301 0.555184 0.555044 0.554878 0.554686 0.500000 0.500000 0.500000 0.500000 0.500000 0.553115 0.552813 0.552501 0.552186 0.551866 0.551530 0.551165 0.550784 0.550408 0.550039 0.549679 0.549326 0.548974 0.548594 0.548164 0.547710 0.547265
0.553313 0.541225 0.538671 0.538649 0.538874 0.539118 0.539377 0.539643 0.539902 0.540145 0.540381 0.540623 0.540873 0.541131 0.541399 0.541692 0.542051 0.500000 0.500000 0.500000 0.500000 0.500000 0.500000 0.545564 0.546066 0.546590 0.547128 0.547667 0.548205 0.548744 0.549280 0.549799 0.550273 0.550681 0.551044 0.551394 0.551743 0.552093 0.552445 0.552797 0.553157 0.553531 0.553911 0.554284 0.554644 0.554989 0.555316 0.555612 0.555831 0.555937 0.555964 0.555958 0.555936 0.555899 0.555845 0.555770 0.555659 0.555501 0.555298 0.555060 0.554792 0.554498 0.554176 0.553857 0.553644 0.553619 0.553697 0.553772 0.553814 0.553824 0.553803 0.553750 0.553680 0.553605 0.553519 0.553410 0.553277 0.553117 0.500000 0.500000 0.500000 0.500000 0.500000 0.500000 0.551470 0.551192 0.550909 0.550623 0.550325 0.550006 0.549675 0.549345 0.549019 0.548700 0.548385 0.548067 0.547725 0.547342 0.546938 0.546538
0.549932 0.536669 0.533852 0.533817 0.534057 0.534316 0.534589 0.534871 0.535155 0.535437 0.535721 0.536013 0.536316 0.536631 0.536966 0.537334 0.537756 0.500000 0.500000 0.500000 0.500000 0.500000 0.500000 0.541542 0.542091 0.542655 0.543229 0.543808 0.544388 0.544965 0.545536 0.546089 0.546605 0.547072 0.547504 0.547919 0.548329 0.548738 0.549147 0.549558 0.549971 0.550388 0.550806 0.551217 0.551615 0.551996 0.552355 0.552676 0.552931 0.553103 0.553208 0.553274 0.553314 0.553332 0.553331 0.553307 0.553249 0.553149 0.553009 0.552840 0.552645 0.552431 0.552205 0.551997 0.551864 0.551846 0.551902 0.551971 0.552024 0.552052 0.552055 0.552033 0.551994 0.551945 0.551885 0.551805 0.551701 0.551572 0.500000 0.500000 0.500000 0.500000 0.500000 0.500000 0.550131 0.549882 0.549627 0.549369 0.549105 0.548832 0.548552 0.548269 0.547986 0.547704 0.547419 0.547127 0.546819 0.546486 0.546138 0.545789
0.546528 0.532091 0.529018 0.528973 0.529227 0.529501 0.529789 0.530090 0.530402 0.530724 0.531057 0.531401 0.531760 0.532139 0.532543 0.532978 0.533456 0.500000 0.500000 0.500000 0.500000 0.500000 0.500000 0.537526 0.538123 0.538727 0.539339 0.539956 0.540573 0.541187 0.541794 0.542385 0.542946 0.543470 0.543965 0.544444 0.544916 0.545386 0.545856 0.546324 0.546789 0.547251 0.547708 0.548159 0.548595 0.549010 0.549399 0.549753 0.550052 0.550283 0.550458 0.550595 0.550702 0.550781 0.550836 0.550869 0.550871 0.550834 0.550762 0.550663 0.550548 0.550423 0.550296 0.550182 0.550115 0.550118 0.550169 0.550231 0.550286 0.550329 0.550351 0.550351 0.550335 0.550312 0.550278 0.550227 0.550153 0.550053 0.500000 0.500000 0.500000 0.500000 0.500000 0.500000 0.548797 0.548574 0.548346 0.548115 0.547884 0.547653 0.547421 0.547186 0.546947 0.546699 0.546443 0.546179 0.545905 0.545619 0.545324 0.545025
0.543102 0.527486 0.524160 0.524106 0.524375 0.524666 0.524974 0.525299 0.525643 0.526007 0.526389 0.526785 0.527202 0.527647 0.528117 0.528611 0.529140 0.500000 0.500000 0.500000 0.500000 0.500000 0.500000 0.533512 0.534157 0.534805 0.535457 0.536112 0.536767 0.537419 0.538063 0.538695 0.539303 0.539880 0.540434 0.540975 0.541508 0.542038 0.542566 0.543088 0.543605 0.544112 0.544613 0.545107 0.545583 0.546034 0.546459 0.546854 0.547201 0.547488 0.547726 0.547929 0.548101 0.548242 0.548357 0.548451 0.548517 0.548549 0.548551 0.548529 0.548495 0.548459 0.548420 0.548383 0.548373 0.548408 0.548469 0.548532 0.548591 0.548645 0.548684 0.548702 0.548707 0.548708 0.548700 0.548676 0.548628 0.548554 0.500000 0.500000 0.500000 0.500000 0.500000 0.500000 0.547473 0.547274 0.547071 0.546867 0.546667 0.546474 0.546286 0.546097 0.545900 0.545688 0.545465 0.545234 0.544997 0.544754 0.544505 0.544254
0.539659 0.522856 0.519274 0.519212 0.519496 0.519806 0.520138 0.520493 0.520873 0.521282 0.521715 0.522168 0.522645 0.523150 0.523681 0.524235 0.524817 0.500000 0.500000 0.500000 0.500000 0.500000 0.528805 0.529499 0.530194 0.530888 0.531584 0.532281 0.532977 0.533667 0.534349 0.535020 0.535674 0.536304 0.536916 0.537516 0.538108 0.538694 0.539275 0.539850 0.540415 0.540970 0.541518 0.542056 0.542576 0.543070 0.543539 0.543979 0.544377 0.544721 0.545018 0.545281 0.545513 0.545715 0.545892 0.546047 0.546180 0.546288 0.546373 0.546437 0.546487 0.546531 0.546568 0.546603 0.546649 0.546715 0.546790 0.546863 0.546932 0.546997 0.547050 0.547088 0.547116 0.547137 0.547149 0.547146 0.547121 0.547069 0.546994 0.500000 0.500000 0.500000 0.500000 0.500000 0.546163 0.545984 0.545802 0.545623 0.545453 0.545296 0.545147 0.544998 0.544840 0.544668 0.544485 0.544294 0.544098 0.543896 0.543691 0.543483
0.536187 0.518190 0.514353 0.514285 0.514589 0.514921 0.515280 0.515667 0.516086 0.516544 0.517032 0.517543 0.518079 0.518644 0.519234 0.519846 0.520483 0.500000 0.500000 0.500000 0.500000 0.500000 0.524740 0.525486 0.526232 0.526977 0.527721 0.528464 0.529202 0.529932 0.530652 0.531363 0.532061 0.532743 0.533412 0.534069 0.534717 0.535357 0.535990 0.536613 0.537226 0.537830 0.538425 0.539010 0.539577 0.540120 0.540638 0.541129 0.541580 0.541981 0.542337 0.542657 0.542947 0.543209 0.543445 0.543660 0.543860 0.544050 0.544225 0.544379 0.544513 0.544630 0.544737 0.544838 0.544938 0.545035 0.545127 0.545213 0.545295 0.545373 0.545442 0.545500 0.545549 0.545590 0.545621 0.545636 0.545630 0.545600 0.545548 0.500000 0.500000 0.500000 0.500000 0.500000 0.544865 0.544704 0.544540 0.544382 0.544239 0.544116 0.544006 0.543894 0.543774 0.543643 0.543503 0.543356 0.543202 0.543043 0.542879 0.542713
0.532678 0.513480 0.509393 0.509324 0.509651 0.510012 0.510402 0.510823 0.511283 0.511793 0.512339 0.512907 0.513500 0.514122 0.514770 0.515440 0.500000 0.500000 0.500000 0.500000 0.500000 0.500000 0.520676 0.521473 0.522272 0.523071 0.523867 0.524658 0.525441 0.526215 0.526977 0.527728 0.528470 0.529204 0.529928 0.530639 0.531339 0.532032 0.532716 0.533387 0.534047 0.534699 0.535343 0.535976 0.536592 0.537186 0.537757 0.538303 0.538810 0.539268 0.539682 0.540061 0.540411 0.540734 0.541029 0.541302 0.541568 0.541841 0.542107 0.542349 0.542563 0.542752 0.542923 0.543085 0.543233 0.543362 0.543474 0.543577 0.543674 0.543769 0.543855 0.543931 0.543998 0.544060 0.544111 0.544143 0.544155 0.544145 0.544116 0.500000 0.500000 0.500000 0.500000 0.500000 0.500000 0.543433 0.543286 0.543145 0.543025 0.542936 0.542865 0.542792 0.542710 0.542618 0.542518 0.542414 0.542304 0.542184 0.542061 0.541938
0.529145 0.508738 0.504399 0.504334 0.504690 0.505085 0.505513 0.505973 0.506478 0.507040 0.507640 0.508262 0.508906 0.509582 0.510284 0.511007 0.500000 0.500000 0.500000 0.500000 0.500000 0.500000 0.516612 0.517463 0.518318 0.519173 0.520024 0.520865 0.521696 0.522517 0.523326 0.524121 0.524909 0.525694 0.526470 0.527231 0.527980 0.528724 0.529458 0.530176 0.530884 0.531583 0.532274 0.532955 0.533620 0.534267 0.534893 0.535494 0.536059 0.536575 0.537050 0.537493 0.537908 0.538298 0.538658 0.538995 0.539329 0.539679 0.540027 0.540348 0.540636 0.540891 0.541124 0.541340 0.541534 0.541698 0.541837 0.541960 0.542076 0.542189 0.542293 0.542385 0.542469 0.542550 0.542619 0.542667 0.542695 0.542704 0.542696 0.500000 0.500000 0.500000 0.500000 0.500000 0.500000 0.542171 0.542047 0.541926 0.541829 0.541771 0.541734 0.541696 0.541649 0.541591 0.541528 0.541463 0.541392 0.541312 0.541229 0.541148
0.525601 0.503974 0.499377 0.499316 0.499708 0.500143 0.500616 0.501127 0.501684 0.502293 0.502940 0.503609 0.504301 0.505022 0.505771 0.506544 0.500000 0.500000 0.500000 0.500000 0.500000 0.500000 0.512546 0.513458 0.514371 0.515284 0.516192 0.517087 0.517971 0.518843 0.519702 0.520547 0.521385 0.522219 0.523043 0.523851 0.524647 0.525436 0.526216 0.526983 0.527739 0.528485 0.529221 0.529948 0.530661 0.531359 0.532039 0.532693 0.533314 0.533894 0.534437 0.534951 0.535439 0.535903 0.536339 0.536753 0.537161 0.537578 0.537990 0.538376 0.538729 0.539048 0.539339 0.539606 0.539843 0.540046 0.540218 0.540368 0.540506 0.540637 0.540759 0.540869 0.540971 0.541066 0.541147 0.541207 0.541248 0.541273 0.541284 0.500000 0.500000 0.500000 0.500000 0.500000 0.500000 0.540920 0.540826 0.540737 0.540668 0.540633 0.540618 0.540606 0.540587 0.540560 0.540529 0.540498 0.540464 0.540422 0.540378 0.540338
0.522022 0.499166 0.494314 0.494262 0.494694 0.495178 0.495706 0.496275 0.496887 0.497544 0.498233 0.498945 0.499681 0.500444 0.501235 0.502052 0.500000 0.500000 0.500000 0.500000 0.500000 0.507506 0.508478 0.509455 0.510430 0.511403 0.512368 0.513322 0.514262 0.515188 0.516100 0.517001 0.517892 0.518773 0.519641 0.520495 0.521337 0.522169 0.522992 0.523806 0.524609 0.525401 0.526183 0.526954 0.527716 0.528465 0.529197 0.529904 0.530583 0.531228 0.531843 0.532432 0.532999 0.533543 0.534063 0.534562 0.535047 0.535526 0.535991 0.536433 0.536845 0.537223 0.537570 0.537887 0.538169 0.538411 0.538617 0.538797 0.538959 0.539109 0.539250 0.539380 0.539499 0.539605 0.539694 0.539763 0.539815 0.539855 0.539883 0.539898 0.500000 0.500000 0.500000 0.500000 0.500000 0.539679 0.539618 0.539562 0.539523 0.539508 0.539511 0.539519 0.539525 0.539525 0.539524 0.539525 0.539525 0.539520 0.539514 0.539513
0.518389 0.494296 0.489198 0.489163 0.489643 0.490186 0.490777 0.491407 0.492074 0.492780 0.493514 0.494269 0.495045 0.495848 0.496677 0.497535 0.500000 0.500000 0.500000 0.500000 0.500000 0.503366 0.504408 0.505451 0.506491 0.507525 0.508550 0.509564 0.510564 0.511547 0.512515 0.513474 0.514419 0.515345 0.516256 0.517155 0.518042 0.518915 0.519779 0.520637 0.521487 0.522326 0.523154 0.523974 0.524784 0.525584 0.526370 0.527134 0.527874 0.528587 0.529273 0.529937 0.530583 0.531210 0.531817 0.532401 0.532962 0.533503 0.534023 0.534519 0.534986 0.535419 0.535822 0.536192 0.536521 0.536799 0.537035 0.537240 0.537425 0.537597 0.537758 0.537909 0.538045 0.538162 0.538259 0.538337 0.538400 0.538452 0.538495 0.538528 0.500000 0.500000 0.500000 0.500000 0.500000 0.538445 0.538415 0.538389 0.538376 0.538382 0.538403 0.538432 0.538461 0.538487 0.538515 0.538547 0.538581 0.538612 0.538643 0.538679
0.514703 0.489365 0.484031 0.484028 0.484568 0.485177 0.485834 0.486523 0.487245 0.488000 0.488781 0.489579 0.490396 0.491237 0.492103 0.492999 0.500000 0.500000 0.500000 0.500000 0.500000 0.499224 0.500337 0.501448 0.502553 0.503647 0.504732 0.505807 0.506868 0.507911 0.508939 0.509957 0.510954 0.511925 0.512876 0.513817 0.514748 0.515662 0.516568 0.517470 0.518367 0.519255 0.520134 0.521005 0.521868 0.522721 0.523561 0.524385 0.525189 0.525970 0.526728 0.527467 0.528192 0.528902 0.529593 0.530257 0.530892 0.531498 0.532075 0.532625 0.533147 0.533636 0.534095 0.534521 0.534897 0.535211 0.535474 0.535703 0.535910 0.536102 0.536283 0.536451 0.536603 0.536731 0.536838 0.536926 0.537000 0.537065 0.537121 0.537170 0.500000 0.500000 0.500000 0.500000 0.500000 0.537220 0.537217 0.537216 0.537226 0.537253 0.537295 0.537344 0.537395 0.537445 0.537499 0.537561 0.537628 0.537696 0.537767 0.537845
0.510972 0.484375 0.478815 0.478867 0.479485 0.480163 0.480881 0.481627 0.482402 0.483207 0.484035 0.484879 0.485738 0.486616 0.487516 0.488451 0.500000 0.500000 0.500000 0.500000 0.500000 0.495088 0.496270 0.497447 0.498614 0.499767 0.500909 0.502042 0.503165 0.504272 0.505366 0.506442 0.507491 0.508504 0.509493 0.510471 0.511440 0.512397 0.513349 0.514299 0.515245 0.516186 0.517120 0.518048 0.518967 0.519876 0.520773 0.521658 0.522527 0.523376 0.524208 0.525024 0.525828 0.526617 0.527387 0.528128 0.528834 0.529503 0.530138 0.530744 0.531321 0.531871 0.532392 0.532874 0.533297 0.533648 0.533938 0.534189 0.534417 0.534628 0.534825 0.535007 0.535170 0.535311 0.535430 0.535530 0.535616 0.535694 0.535763 0.535824 0.500000 0.500000 0.500000 0.500000 0.500000 0.536003 0.536022 0.536045 0.536077 0.536126 0.536187 0.536257 0.536328 0.536400 0.536476 0.536562 0.536659 0.536767 0.536884 0.537012
0.507175 0.479321 0.473559 0.473683 0.474387 0.475135 0.475914 0.476718 0.477547 0.478402 0.479278 0.480170 0.481074 0.481989 0.482920 0.483886 0.500000 0.500000 0.500000 0.500000 0.500000 0.490959 0.492207 0.493449 0.494677 0.495885 0.497081 0.498271 0.499454 0.500627 0.501788 0.502929 0.504033 0.505085 0.506105 0.507113 0.508119 0.509121 0.510122 0.511122 0.512120 0.513116 0.514109 0.515097 0.516076 0.517043 0.518000 0.518947 0.519882 0.520803 0.521710 0.522604 0.523485 0.524353 0.525200 0.526017 0.526793 0.527524 0.528215 0.528874 0.529509 0.530122 0.530710 0.531255 0.531729 0.532113 0.532426 0.532697 0.532943 0.533172 0.533385 0.533579 0.533754 0.533908 0.534040 0.534151 0.534249 0.534339 0.534421 0.534493 0.500000 0.500000 0.500000 0.500000 0.500000 0.534791 0.534830 0.534873 0.534928 0.534998 0.535080 0.535169 0.535259 0.535351 0.535446 0.535551 0.535675 0.535824 0.535993 0.536177
0.503327 0.474231 0.468291 0.468490 0.469272 0.470087 0.470928 0.471791 0.472677 0.473586 0.474514 0.475455 0.476407 0.477366 0.478331 0.500000 0.500000 0.500000 0.500000 0.500000 0.500000 0.486837 0.488148 0.489452 0.490738 0.491998 0.493245 0.494492 0.495735 0.496968 0.498194 0.499407 0.500572 0.501660 0.502704 0.503743 0.504788 0.505837 0.506889 0.507941 0.508993 0.510047 0.511100 0.512150 0.513191 0.514220 0.515238 0.516248 0.517251 0.518247 0.519232 0.520202 0.521158 0.522103 0.523028 0.523924 0.524773 0.525563 0.526306 0.527020 0.527712 0.528388 0.529042 0.529658 0.530189 0.530603 0.530932 0.531218 0.531483 0.531734 0.531966 0.532175 0.532362 0.532528 0.532672 0.532793 0.532900 0.533001 0.533094 0.533176 0.500000 0.500000 0.500000 0.500000 0.500000 0.500000 0.533640 0.533703 0.533778 0.533869 0.533971 0.534079 0.534189 0.534300 0.534414 0.534535 0.534683 0.534875 0.535099 0.535336
0.499560 0.469222 0.463071 0.463314 0.464154 0.465025 0.465923 0.466844 0.467789 0.468756 0.469741 0.470740 0.471748 0.472764 0.473781 0.500000 0.500000 0.500000 0.500000 0.500000 0.500000 0.482722 0.484087 0.485446 0.486785 0.488095 0.489392 0.490693 0.491992 0.493280 0.494564 0.495840 0.497063 0.498195 0.499276 0.500357 0.501449 0.502549 0.503653 0.504760 0.505870 0.506983 0.508097 0.509209 0.510314 0.511407 0.512489 0.513566 0.514639 0.515709 0.516770 0.517815 0.518844 0.519862 0.520863 0.521835 0.522756 0.523607 0.524408 0.525180 0.525932 0.526664 0.527377 0.528053 0.528638 0.529087 0.529441 0.529752 0.530042 0.530317 0.530571 0.530797 0.530996 0.531175 0.531329 0.531460 0.531575 0.531684 0.531785 0.531874 0.500000 0.500000 0.500000 0.500000 0.500000 0.500000 0.532453 0.532534 0.532628 0.532738 0.532860 0.532987 0.533118 0.533253 0.533390 0.533533 0.533708 0.533941 0.534211 0.534494
0.495988 0.464384 0.457937 0.458169 0.459042 0.459955 0.460901 0.461877 0.462880 0.463909 0.464958 0.466024 0.467103 0.468195 0.469294 0.500000 0.500000 0.500000 0.500000 0.500000 0.477197 0.478611 0.480021 0.481421 0.482805 0.484166 0.485517 0.486869 0.488217 0.489554 0.490884 0.492200 0.493468 0.494661 0.495808 0.496951 0.498101 0.499258 0.500419 0.501585 0.502755 0.503929 0.505103 0.506277 0.507445 0.508605 0.509757 0.510904 0.512048 0.513191 0.514325 0.515441 0.516542 0.517630 0.518700 0.519737 0.520724 0.521646 0.522517 0.523357 0.524169 0.524952 0.525706 0.526415 0.527037 0.527538 0.527946 0.528302 0.528627 0.528929 0.529204 0.529448 0.529661 0.529849 0.530013 0.530153 0.530276 0.530390 0.530494 0.530588 0.530681 0.500000 0.500000 0.500000 0.500000 0.500000 0.531267 0.531368 0.531480 0.531607 0.531746 0.531893 0.532049 0.532212 0.532382 0.532561 0.532773 0.533038 0.533339 0.533658
0.492482 0.459610 0.452839 0.453034 0.453923 0.454870 0.455861 0.456890 0.457953 0.459048 0.460168 0.461308 0.462469 0.463651 0.464853 0.500000 0.500000 0.500000 0.500000 0.500000 0.473058 0.474508 0.475953 0.477389 0.478811 0.480221 0.481625 0.483025 0.484418 0.485798 0.487165 0.488513 0.489823 0.491082 0.492309 0.493526 0.494742 0.495961 0.497185 0.498414 0.499648 0.500884 0.502119 0.503354 0.504586 0.505814 0.507038 0.508258 0.509475 0.510689 0.511893 0.513081 0.514254 0.515412 0.516546 0.517646 0.518698 0.519694 0.520643 0.521554 0.522427 0.523257 0.524043 0.524776 0.525430 0.525987 0.526460 0.526873 0.527242 0.527572 0.527867 0.528127 0.528354 0.528551 0.528721 0.528868 0.528998 0.529113 0.529217 0.529313 0.529412 0.500000 0.500000 0.500000 0.500000 0.500000 0.530080 0.530199 0.530330 0.530474 0.530631 0.530800 0.530981 0.531175 0.531382 0.531604 0.531857 0.532150 0.532477 0.532826
0.488900 0.454773 0.447707 0.447872 0.448776 0.449761 0.450803 0.451886 0.453011 0.454179 0.455378 0.456598 0.457845 0.459126 0.460432 0.500000 0.500000 0.500000 0.500000 0.500000 0.468929 0.470412 0.471893 0.473361 0.474819 0.476274 0.477726 0.479172 0.480606 0.482025 0.483429 0.484814 0.486170 0.487492 0.488790 0.490081 0.491369 0.492656 0.493947 0.495244 0.496544 0.497844 0.499143 0.500440 0.501736 0.503032 0.504328 0.505623 0.506914 0.508198 0.509471 0.510733 0.511981 0.513211 0.514414 0.515580 0.516701 0.517771 0.518796 0.519778 0.520711 0.521588 0.522409 0.523173 0.523865 0.524472 0.525004 0.525472 0.525884 0.526242 0.526556 0.526832 0.527071 0.527273 0.527446 0.527598 0.527731 0.527845 0.527947 0.528045 0.528148 0.500000 0.500000 0.500000 0.500000 0.500000 0.528888 0.529024 0.529173 0.529339 0.529518 0.529708 0.529913 0.530138 0.530382 0.530644 0.530933 0.531258 0.531613 0.531990
0.485227 0.449840 0.442506 0.442666 0.443600 0.444631 0.445726 0.446868 0.448061 0.449310 0.450598 0.451908 0.453246 0.454621 0.456021 0.500000 0.500000 0.500000 0.500000 0.500000 0.464820 0.466335 0.467848 0.469347 0.470838 0.472332 0.473824 0.475311 0.476785 0.478243 0.479685 0.481112 0.482518 0.483897 0.485261 0.486622 0.487982 0.489339 0.490700 0.492067 0.493437 0.494804 0.496169 0.497531 0.498893 0.500257 0.501624 0.502992 0.504356 0.505711 0.507056 0.508394 0.509720 0.511027 0.512307 0.513547 0.514742 0.515888 0.516984 0.518033 0.519026 0.519954 0.520820 0.521625 0.522357 0.523009 0.523585 0.524097 0.524547 0.524933 0.525268 0.525559 0.525807 0.526010 0.526181 0.526330 0.526461 0.526574 0.526676 0.526777 0.526885 0.500000 0.500000 0.500000 0.500000 0.500000 0.527691 0.527844 0.528012 0.528200 0.528403 0.528617 0.528847 0.529102 0.529379 0.529676 0.529999 0.530356 0.530741 0.531149
0.481481 0.444811 0.437222 0.437409 0.438399 0.439482 0.440632 0.441837 0.443106 0.444447 0.445837 0.447252 0.448688 0.450148 0.451622 0.500000 0.500000 0.500000 0.500000 0.500000 0.460742 0.462285 0.463823 0.465350 0.466872 0.468397 0.469923 0.471444 0.472955 0.474452 0.475935 0.477404 0.478858 0.480295 0.481725 0.483154 0.484583 0.486011 0.487443 0.488880 0.490320 0.491758 0.493194 0.494627 0.496058 0.497490 0.498925 0.500362 0.501796 0.503225 0.504646 0.506060 0.507466 0.508859 0.510225 0.511551 0.512827 0.514048 0.515213 0.516323 0.517375 0.518361 0.519282 0.520136 0.520912 0.521600 0.522209 0.522749 0.523224 0.523638 0.523997 0.524307 0.524561 0.524761 0.524919 0.525054 0.525176 0.525288 0.525395 0.525504 0.525621 0.500000 0.500000 0.500000 0.500000 0.500000 0.526489 0.526660 0.526849 0.527058 0.527286 0.527527 0.527787 0.528068 0.528373 0.528700 0.529056 0.529444 0.529862 0.530303
0.477625 0.439662 0.431846 0.432091 0.433159 0.434309 0.435520 0.436789 0.438139 0.439586 0.441097 0.442629 0.444166 0.445705 0.447243 0.500000 0.500000 0.500000 0.500000 0.500000 0.456692 0.458264 0.459824 0.461372 0.462919 0.464474 0.466031 0.467584 0.469127 0.470660 0.472182 0.473692 0.475193 0.476688 0.478183 0.479679 0.481176 0.482675 0.484178 0.485686 0.487196 0.488708 0.490217 0.491723 0.493226 0.494727 0.496229 0.497732 0.499236 0.500739 0.502238 0.503731 0.505219 0.506699 0.508161 0.509586 0.510953 0.512249 0.513478 0.514650 0.515764 0.516815 0.517800 0.518711 0.519533 0.520253 0.520883 0.521438 0.521930 0.522363 0.522747 0.523078 0.523341 0.523525 0.523656 0.523765 0.523874 0.523985 0.524102 0.524224 0.524353 0.500000 0.500000 0.500000 0.500000 0.500000 0.525282 0.525469 0.525677 0.525909 0.526161 0.526433 0.526722 0.527030 0.527359 0.527712 0.528097 0.528517 0.528970 0.529448
0.473649 0.434393 0.426387 0.426714 0.427878 0.429117 0.430406 0.431741 0.433172 0.434744 0.436392 0.438044 0.439679 0.441297 0.442895 0.500000 0.500000 0.500000 0.500000 0.500000 0.452669 0.454272 0.455853 0.457419 0.458986 0.460571 0.462161 0.463742 0.465313 0.466876 0.468432 0.469981 0.471528 0.473078 0.474635 0.476198 0.477765 0.479335 0.480908 0.482486 0.484068 0.485653 0.487238 0.488819 0.490395 0.491967 0.493536 0.495105 0.496677 0.498252 0.499828 0.501402 0.502972 0.504538 0.506097 0.507632 0.509102 0.510471 0.511763 0.513006 0.514196 0.515318 0.516371 0.517349 0.518222 0.518967 0.519607 0.520171 0.520671 0.521111 0.521507 0.521861 0.522132 0.522287 0.522375 0.522455 0.522551 0.522665 0.522794 0.522933 0.523078 0.500000 0.500000 0.500000 0.500000 0.500000 0.524067 0.524269 0.524493 0.524748 0.525029 0.525328 0.525645 0.525981 0.526334 0.526709 0.527118 0.527573 0.528063 0.528578
0.469653 0.429089 0.420883 0.421296 0.422572 0.423927 0.425327 0.426762 0.428297 0.429991 0.431762 0.433520 0.435245 0.436939 0.500000 0.500000 0.500000 0.500000 0.500000 0.500000 0.448677 0.450314 0.451921 0.453509 0.455098 0.456710 0.458327 0.459932 0.461524 0.463112 0.464695 0.466278 0.467866 0.469467 0.471083 0.472712 0.474348 0.475988 0.477633 0.479282 0.480936 0.482595 0.484255 0.485911 0.487561 0.489205 0.490844 0.492481 0.494121 0.495767 0.497416 0.499067 0.500715 0.502360 0.504007 0.505643 0.507214 0.508668 0.510043 0.511375 0.512655 0.513860 0.514988 0.516033 0.516956 0.517725 0.518373 0.518939 0.519433 0.519862 0.520248 0.520599 0.520863 0.520992 0.521050 0.521112 0.521203 0.521323 0.521465 0.521621 0.521782 0.500000 0.500000 0.500000 0.500000 0.500000 0.500000 0.523062 0.523305 0.523584 0.523891 0.524217 0.524561 0.524924 0.525302 0.525700 0.526135 0.526622 0.527147 0.527696
0.465731 0.423821 0.415365 0.415852 0.417258 0.418759 0.420317 0.421916 0.423596 0.425391 0.427241 0.429079 0.430880 0.432646 0.500000 0.500000 0.500000 0.500000 0.500000 0.443017 0.444721 0.446394 0.448038 0.449659 0.451277 0.452908 0.454540 0.456160 0.457768 0.459371 0.460973 0.462581 0.464205 0.465853 0.467525 0.469217 0.470922 0.472636 0.474354 0.476076 0.477803 0.479535 0.481269 0.483000 0.484725 0.486441 0.488152 0.489861 0.491571 0.493285 0.495002 0.496720 0.498437 0.500153 0.501871 0.503578 0.505233 0.506797 0.508293 0.509742 0.511130 0.512434 0.513646 0.514753 0.515719 0.516517 0.517175 0.517732 0.518203 0.518599 0.518942 0.519244 0.519471 0.519592 0.519658 0.519728 0.519826 0.519956 0.520110 0.520280 0.520455 0.520631 0.500000 0.500000 0.500000 0.500000 0.500000 0.521851 0.522118 0.522420 0.522751 0.523102 0.523472 0.523860 0.524266 0.524695 0.525161 0.525674 0.526225 0.526802
0.461760 0.418496 0.409796 0.410369 0.411926 0.413611 0.415370 0.417169 0.419010 0.420903 0.422817 0.424716 0.426583 0.428415 0.500000 0.500000 0.500000 0.500000 0.500000 0.439068 0.440806 0.442518 0.444201 0.445861 0.447507 0.449153 0.450793 0.452420 0.454035 0.455644 0.457256 0.458882 0.460536 0.462229 0.463957 0.465712 0.467487 0.469277 0.471075 0.472873 0.474672 0.476476 0.478284 0.480091 0.481891 0.483680 0.485463 0.487244 0.489024 0.490804 0.492583 0.494362 0.496141 0.497918 0.499694 0.501459 0.503193 0.504878 0.506518 0.508110 0.509631 0.511052 0.512360 0.513540 0.514553 0.515373 0.516029 0.516563 0.516992 0.517326 0.517596 0.517823 0.518001 0.518120 0.518208 0.518301 0.518417 0.518562 0.518730 0.518915 0.519107 0.519300 0.500000 0.500000 0.500000 0.500000 0.500000 0.520632 0.520924 0.521247 0.521600 0.521976 0.522371 0.522785 0.523220 0.523683 0.524181 0.524719 0.525290 0.525893
0.457620 0.413014 0.404141 0.404847 0.406586 0.408497 0.410487 0.412482 0.414476 0.416477 0.418468 0.420427 0.422350 0.424243 0.500000 0.500000 0.500000 0.500000 0.500000 0.435165 0.436937 0.438689 0.440413 0.442104 0.443773 0.445433 0.447080 0.448707 0.450319 0.451926 0.453538 0.455171 0.456849 0.458591 0.460382 0.462202 0.464049 0.465920 0.467800 0.469675 0.471548 0.473425 0.475305 0.477185 0.479060 0.480924 0.482780 0.484631 0.486477 0.488317 0.490154 0.491991 0.493827 0.495659 0.497489 0.499317 0.501134 0.502933 0.504715 0.506471 0.508153 0.509710 0.511137 0.512421 0.513499 0.514324 0.514945 0.515429 0.515793 0.516035 0.516212 0.516367 0.516502 0.516611 0.516713 0.516829 0.516969 0.517133 0.517322 0.517530 0.517744 0.517953 0.500000 0.500000 0.500000 0.500000 0.500000 0.519393 0.519708 0.520052 0.520426 0.520828 0.521251 0.521693 0.522156 0.522649 0.523177 0.523740 0.524335 0.524959
0.453334 0.407389 0.398418 0.399349 0.401337 0.403497 0.405707 0.407878 0.410008 0.412119 0.414196 0.416219 0.418195 0.420138 0.500000 0.500000 0.500000 0.500000 0.500000 0.431316 0.433128 0.434920 0.436678 0.438395 0.440083 0.441756 0.443407 0.445030 0.446631 0.448224 0.449823 0.451453 0.453150 0.454943 0.456805 0.458703 0.460628 0.462582 0.464542 0.466493 0.468437 0.470383 0.472331 0.474282 0.476229 0.478167 0.480097 0.482018 0.483927 0.485820 0.487706 0.489592 0.491479 0.493363 0.495253 0.497152 0.499054 0.500957 0.502866 0.504777 0.506633 0.508363 0.509958 0.511386 0.512543 0.513356 0.513900 0.514285 0.514542 0.514679 0.514766 0.514862 0.514965 0.515061 0.515166 0.515299 0.515464 0.515656 0.515875 0.516116 0.516357 0.516582 0.500000 0.500000 0.500000 0.500000 0.500000 0.518121 0.518458 0.518824 0.519220 0.519647 0.520099 0.520571 0.521067 0.521592 0.522149 0.522737 0.523354 0.523997
0.448944 0.401666 0.392688 0.393975 0.396302 0.398704 0.401088 0.403398 0.405645 0.407855 0.410016 0.412111 0.414140 0.416119 0.500000 0.500000 0.500000 0.500000 0.500000 0.427533 0.429395 0.431221 0.433005 0.434743 0.436449 0.438131 0.439786 0.441406 0.442993 0.444558 0.446124 0.447734 0.449444 0.451288 0.453234 0.455230 0.457248 0.459280 0.461311 0.463331 0.465343 0.467352 0.469363 0.471377 0.473392 0.475403 0.477409 0.479402 0.481370 0.483308 0.485229 0.487149 0.489077 0.491017 0.492976 0.494953 0.496940 0.498932 0.500941 0.502974 0.504994 0.506947 0.508788 0.510419 0.511674 0.512453 0.512861 0.513065 0.513163 0.513199 0.513227 0.513284 0.513363 0.513450 0.513556 0.513699 0.513886 0.514115 0.514380 0.514662 0.514935 0.515179 0.500000 0.500000 0.500000 0.500000 0.500000 0.516805 0.517167 0.517555 0.517972 0.518422 0.518903 0.519411 0.519947 0.520511 0.521099 0.521710 0.522343 0.523003
0.444376 0.395869 0.387066 0.388820 0.391513 0.394143 0.396666 0.399073 0.401405 0.403705 0.405953 0.408119 0.410196 0.412198 0.500000 0.500000 0.500000 0.500000 0.500000 0.423823 0.425735 0.427594 0.429397 0.431152 0.432872 0.434565 0.436226 0.437844 0.439415 0.440945 0.442458 0.444015 0.445715 0.447626 0.449684 0.451795 0.453910 0.456015 0.458108 0.460189 0.462260 0.464326 0.466394 0.468467 0.470544 0.472625 0.474707 0.476778 0.478807 0.480778 0.482715 0.484654 0.486616 0.488611 0.490643 0.492706 0.494775 0.496837 0.498918 0.501048 0.503222 0.505414 0.507568 0.509510 0.510927 0.511608 0.511766 0.511721 0.511641 0.511583 0.511572 0.511616 0.511689 0.511769 0.511870 0.512018 0.512227 0.512501 0.512824 0.513168 0.513484 0.513741 0.500000 0.500000 0.500000 0.500000 0.500000 0.515442 0.515833 0.516243 0.516679 0.517148 0.517657 0.518204 0.518787 0.519399 0.520024 0.520653 0.521296 0.521968
0.439821 0.390315 0.381861 0.384070 0.387051 0.389866 0.392500 0.394957 0.397331 0.399712 0.402049 0.404272 0.406382 0.408401 0.500000 0.500000 0.500000 0.500000 0.500000 0.420195 0.422151 0.424039 0.425861 0.427626 0.429355 0.431062 0.432734 0.434352 0.435912 0.437416 0.438873 0.440344 0.442008 0.444006 0.446201 0.448422 0.450617 0.452785 0.454933 0.457064 0.459182 0.461297 0.463417 0.465544 0.467677 0.469817 0.471969 0.474121 0.476215 0.478203 0.480140 0.482094 0.484088 0.486130 0.488228 0.490378 0.492525 0.494631 0.496757 0.498970 0.501275 0.503660 0.506121 0.508476 0.510137 0.510637 0.510446 0.510152 0.509937 0.509805 0.509768 0.509826 0.509920 0.509995 0.510085 0.510242 0.510479 0.510795 0.511182 0.511606 0.511982 0.512241 0.500000 0.500000 0.500000 0.500000 0.500000 0.514024 0.514450 0.514879 0.515328 0.515817 0.516354 0.516937 0.517567 0.518234 0.518903 0.519546 0.520193 0.520879
0.436318 0.385953 0.377615 0.380023 0.383118 0.386013 0.388698 0.391170 0.393558 0.395981 0.398363 0.400615 0.402742 0.404773 0.500000 0.500000 0.500000 0.500000 0.500000 0.416677 0.418657 0.420565 0.422402 0.424178 0.425916 0.427638 0.429323 0.430948 0.432511 0.434015 0.435455 0.436887 0.438537 0.440593 0.442871 0.445153 0.447392 0.449603 0.451790 0.453957 0.456112 0.458266 0.460426 0.462595 0.464771 0.466952 0.469152 0.471362 0.473505 0.475512 0.477461 0.479438 0.481465 0.483544 0.485689 0.487896 0.490095 0.492231 0.494388 0.496655 0.499033 0.501511 0.504130 0.506728 0.508550 0.508953 0.508580 0.508186 0.507934 0.507787 0.507755 0.507843 0.507971 0.508061 0.508165 0.508347 0.508619 0.508974 0.509410 0.509897 0.510325 0.510601 0.500000 0.500000 0.500000 0.500000 0.500000 0.512525 0.512984 0.513436 0.513904 0.514418 0.514984 0.515598 0.516264 0.516975 0.517683 0.518347 0.519009 0.519717
0.434779 0.383526 0.374683 0.376865 0.379856 0.382682 0.385330 0.387801 0.390190 0.392586 0.394937 0.397176 0.399305 0.401343 0.500000 0.500000 0.500000 0.500000 0.500000 0.413282 0.415263 0.417177 0.419027 0.420818 0.422572 0.424304 0.426000 0.427640 0.429227 0.430765 0.432262 0.433777 0.435484 0.437520 0.439751 0.442011 0.444252 0.446474 0.448681 0.450872 0.453053 0.455233 0.457419 0.459613 0.461813 0.464016 0.466230 0.468445 0.470601 0.472651 0.474650 0.476667 0.478726 0.480833 0.482997 0.485208 0.487415 0.489581 0.491768 0.494042 0.496409 0.498856 0.501380 0.503799 0.505524 0.506087 0.505954 0.505714 0.505552 0.505474 0.505494 0.505613 0.505773 0.505919 0.506084 0.506320 0.506635 0.507026 0.507483 0.507978 0.508424 0.508754 0.500000 0.500000 0.500000 0.500000 0.500000 0.510925 0.511409 0.511894 0.512398 0.512944 0.513537 0.514177 0.514866 0.515595 0.516324 0.517025 0.517728 0.518470
0.434292 0.382293 0.372710 0.374408 0.377119 0.379771 0.382324 0.384762 0.387124 0.389453 0.391730 0.393926 0.396040 0.398083 0.500000 0.500000 0.500000 0.500000 0.500000 0.409996 0.411959 0.413869 0.415726 0.417534 0.419305 0.421046 0.422752 0.424414 0.426038 0.427638 0.429233 0.430877 0.432661 0.434648 0.436780 0.438970 0.441177 0.443391 0.445604 0.447808 0.450004 0.452199 0.454398 0.456604 0.458813 0.461022 0.463230 0.465425 0.467580 0.469676 0.471738 0.473803 0.475892 0.478017 0.480178 0.482367 0.484558 0.486740 0.488943 0.491193 0.493488 0.495805 0.498086 0.500157 0.501701 0.502505 0.502782 0.502846 0.502873 0.502924 0.503026 0.503191 0.503396 0.503618 0.503871 0.504177 0.504544 0.504965 0.505431 0.505914 0.506370 0.506765 0.500000 0.500000 0.500000 0.500000 0.500000 0.509245 0.509752 0.510275 0.510821 0.511401 0.512022 0.512685 0.513388 0.514124 0.514869 0.515611 0.516364 0.517149
0.433817 0.381302 0.371155 0.372356 0.374705 0.377143 0.379575 0.381935 0.384229 0.386480 0.388682 0.390822 0.392906 0.394947 0.500000 0.500000 0.500000 0.500000 0.500000 0.406794 0.408728 0.410627 0.412487 0.414306 0.416090 0.417844 0.419563 0.421249 0.422916 0.424587 0.426278 0.428017 0.429851 0.431810 0.433869 0.435988 0.438147 0.440342 0.442552 0.444760 0.446961 0.449161 0.451366 0.453577 0.455789 0.457994 0.460191 0.462375 0.464534 0.466660 0.468767 0.470875 0.472994 0.475126 0.477277 0.479444 0.481617 0.483791 0.485981 0.488193 0.490395 0.492536 0.494569 0.496392 0.497837 0.498798 0.499382 0.499754 0.500016 0.500217 0.500414 0.500650 0.500924 0.501228 0.501566 0.501946 0.502367 0.502819 0.503297 0.503788 0.504267 0.504717 0.500000 0.500000 0.500000 0.500000 0.500000 0.507511 0.508050 0.508607 0.509189 0.509802 0.510450 0.511135 0.511854 0.512602 0.513367 0.514144 0.514941 0.515771
0.433163 0.380237 0.369712 0.370527 0.372544 0.374752 0.377024 0.379260 0.381452 0.383619 0.385753 0.387839 0.389887 0.391914 0.500000 0.500000 0.500000 0.500000 0.500000 0.403655 0.405562 0.407446 0.409300 0.411123 0.412916 0.414684 0.416424 0.418139 0.419850 0.421584 0.423345 0.425142 0.427005 0.428955 0.430976 0.433044 0.435159 0.437326 0.439521 0.441719 0.443916 0.446116 0.448321 0.450534 0.452745 0.454945 0.457136 0.459317 0.461482 0.463625 0.465759 0.467897 0.470038 0.472177 0.474322 0.476475 0.478627 0.480773 0.482922 0.485073 0.487172 0.489155 0.491009 0.492694 0.494102 0.495156 0.495935 0.496545 0.497024 0.497382 0.497696 0.498028 0.498390 0.498777 0.499192 0.499639 0.500112 0.500602 0.501107 0.501625 0.502139 0.502636 0.500000 0.500000 0.500000 0.500000 0.500000 0.505736 0.506310 0.506901 0.507515 0.508157 0.508831 0.509538 0.510276 0.511042 0.511830 0.512638 0.513473 0.514343
0.432398 0.379071 0.368264 0.368835 0.370614 0.372580 0.374637 0.376704 0.378772 0.380849 0.382920 0.384965 0.386980 0.500000 0.500000 0.500000 0.500000 0.500000 0.398662 0.400571 0.402458 0.404324 0.406164 0.407979 0.409775 0.411559 0.413328 0.415083 0.416839 0.418616 0.420418 0.422251 0.424135 0.426083 0.428087 0.430132 0.432217 0.434348 0.436507 0.438681 0.440865 0.443059 0.445263 0.447473 0.449682 0.451882 0.454072 0.456253 0.458420 0.460573 0.462721 0.464872 0.467025 0.469177 0.471328 0.473475 0.475604 0.477707 0.479788 0.481844 0.483835 0.485712 0.487466 0.489075 0.490466 0.491592 0.492503 0.493270 0.493910 0.494432 0.494894 0.495348 0.495808 0.496276 0.496759 0.497263 0.497786 0.498321 0.498870 0.499427 0.499983 0.500527 0.501071 0.500000 0.500000 0.500000 0.500000 0.500000 0.504537 0.505160 0.505802 0.506471 0.507171 0.507901 0.508659 0.509446 0.510258 0.511096 0.511966 0.512869
0.431481 0.377756 0.366750 0.367175 0.368783 0.370530 0.372358 0.374229 0.376154 0.378145 0.380167 0.382176 0.384155 0.500000 0.500000 0.500000 0.500000 0.500000 0.395634 0.397531 0.399405 0.401253 0.403072 0.404870 0.406663 0.408465 0.410268 0.412065 0.413861 0.415668 0.417491 0.419344 0.421240 0.423191 0.425191 0.427228 0.429295 0.431390 0.433508 0.435647 0.437808 0.439994 0.442196 0.444404 0.446610 0.448810 0.451002 0.453184 0.455353 0.457510 0.459662 0.461815 0.463974 0.466139 0.468304 0.470454 0.472564 0.474612 0.476609 0.478564 0.480459 0.482268 0.483972 0.485546 0.486937 0.488116 0.489115 0.489985 0.490749 0.491421 0.492037 0.492625 0.493192 0.493739 0.494281 0.494834 0.495406 0.495994 0.496595 0.497203 0.497806 0.498397 0.498984 0.500000 0.500000 0.500000 0.500000 0.500000 0.502732 0.503385 0.504053 0.504748 0.505473 0.506226 0.507006 0.507814 0.508652 0.509522 0.510424 0.511357
0.430391 0.376284 0.365151 0.365476 0.366948 0.368521 0.370150 0.371824 0.373594 0.375510 0.377495 0.379464 0.381395 0.500000 0.500000 0.500000 0.500000 0.500000 0.392644 0.394533 0.396395 0.398228 0.400029 0.401804 0.403587 0.405407 0.407244 0.409075 0.410900 0.412728 0.414564 0.416422 0.418322 0.420278 0.422280 0.424313 0.426367 0.428437 0.430520 0.432620 0.434753 0.436929 0.439130 0.441335 0.443538 0.445734 0.447925 0.450109 0.452281 0.454437 0.456586 0.458738 0.460899 0.463068 0.465244 0.467407 0.469505 0.471492 0.473404 0.475276 0.477104 0.478863 0.480540 0.482109 0.483517 0.484728 0.485782 0.486732 0.487598 0.488393 0.489142 0.489864 0.490544 0.491165 0.491760 0.492364 0.492989 0.493633 0.494292 0.494957 0.495613 0.496248 0.496875 0.500000 0.500000 0.500000 0.500000 0.500000 0.500893 0.501575 0.502266 0.502986 0.503738 0.504515 0.505319 0.506151 0.507016 0.507918 0.508852 0.509814
0.429265 0.374767 0.363509 0.363743 0.365101 0.366540 0.368021 0.369539 0.371176 0.373007 0.374931 0.376838 0.378708 0.500000 0.500000 0.500000 0.500000 0.500000 0.389707 0.391583 0.393433 0.395256 0.397046 0.398808 0.400585 0.402414 0.404269 0.406117 0.407956 0.409795 0.411640 0.413499 0.415399 0.417357 0.419361 0.421389 0.423432 0.425485 0.427545 0.429617 0.431724 0.433885 0.436076 0.438273 0.440465 0.442652 0.444837 0.447020 0.449192 0.451344 0.453488 0.455637 0.457793 0.459957 0.462130 0.464292 0.466373 0.468312 0.470163 0.471983 0.473767 0.475492 0.477148 0.478719 0.480147 0.481387 0.482488 0.483509 0.484463 0.485357 0.486214 0.487049 0.487830 0.488528 0.489187 0.489853 0.490538 0.491241 0.491958 0.492682 0.493391 0.494072 0.494741 0.500000 0.500000 0.500000 0.500000 0.500000 0.499002 0.499715 0.500433 0.501182 0.501962 0.502768 0.503600 0.504462 0.505357 0.506289 0.507253 0.508243
0.428238 0.373311 0.361869 0.361996 0.363255 0.364593 0.365982 0.367421 0.368974 0.370688 0.372494 0.374306 0.376099 0.500000 0.500000 0.500000 0.500000 0.500000 0.386832 0.388685 0.390521 0.392337 0.394129 0.395902 0.397687 0.399511 0.401354 0.403194 0.405031 0.406873 0.408722 0.410586 0.412488 0.414443 0.416439 0.418459 0.420494 0.422538 0.424588 0.426649 0.428740 0.430877 0.433042 0.435217 0.437391 0.439564 0.441736 0.443908 0.446072 0.448221 0.450363 0.452507 0.454652 0.456801 0.458948 0.461072 0.463118 0.465041 0.466878 0.468676 0.470434 0.472136 0.473776 0.475336 0.476772 0.478053 0.479215 0.480303 0.481333 0.482310 0.483251 0.484162 0.485021 0.485808 0.486555 0.487300 0.488055 0.488822 0.489596 0.490371 0.491130 0.491863 0.492582 0.500000 0.500000 0.500000 0.500000 0.500000 0.497045 0.497795 0.498551 0.499333 0.500145 0.500984 0.501852 0.502749 0.503677 0.504639 0.505632 0.506649
0.427203 0.371833 0.360197 0.360217 0.361392 0.362658 0.363993 0.365395 0.366887 0.368482 0.370149 0.371845 0.373548 0.500000 0.500000 0.500000 0.500000 0.500000 0.384001 0.385827 0.387649 0.389463 0.391266 0.393060 0.394857 0.396667 0.398483 0.400301 0.402123 0.403956 0.405804 0.407672 0.409574 0.411522 0.413509 0.415523 0.417552 0.419591 0.421639 0.423698 0.425780 0.427891 0.430024 0.432168 0.434319 0.436472 0.438628 0.440784 0.442935 0.445079 0.447218 0.449355 0.451488 0.453613 0.455722 0.457797 0.459806 0.461726 0.463575 0.465371 0.467118 0.468809 0.470435 0.471982 0.473424 0.474747 0.475972 0.477123 0.478216 0.479262 0.480268 0.481238 0.482163 0.483037 0.483879 0.484712 0.485545 0.486379 0.487212 0.488039 0.488849 0.489635 0.490406 0.500000 0.500000 0.500000 0.500000 0.500000 0.495043 0.495831 0.496629 0.497447 0.498293 0.499169 0.500075 0.501010 0.501973 0.502965 0.503985 0.505030
0.426040 0.370231 0.358442 0.358381 0.359490 0.360708 0.362007 0.363372 0.364804 0.366302 0.367849 0.369427 0.371029 0.500000 0.500000 0.500000 0.500000 0.500000 0.381196 0.382996 0.384806 0.386624 0.388441 0.390251 0.392053 0.393848 0.395639 0.397428 0.399226 0.401044 0.402882 0.404743 0.406640 0.408583 0.410566 0.412575 0.414602 0.416641 0.418690 0.420748 0.422821 0.424912 0.427017 0.429130 0.431252 0.433384 0.435521 0.437660 0.439796 0.441931 0.444064 0.446193 0.448312 0.450413 0.452488 0.454524 0.456507 0.458426 0.460284 0.462089 0.463839 0.465527 0.467148 0.468692 0.470146 0.471504 0.472776 0.473980 0.475127 0.476226 0.477287 0.478314 0.479304 0.480257 0.481184 0.482102 0.483014 0.483918 0.484816 0.485703 0.486568 0.487405 0.488222 0.500000 0.500000 0.500000 0.500000 0.500000 0.493018 0.493842 0.494681 0.495536 0.496416 0.497329 0.498272 0.499243 0.500241 0.501265 0.502315 0.503390
0.424760 0.368501 0.356591 0.356485 0.357554 0.358737 0.360002 0.361324 0.362697 0.364115 0.365566 0.367040 0.368545 0.500000 0.500000 0.500000 0.500000 0.500000 0.378405 0.380193 0.381997 0.383819 0.385645 0.387461 0.389261 0.391043 0.392812 0.394575 0.396346 0.398140 0.399957 0.401801 0.403687 0.405627 0.407610 0.409621 0.411649 0.413691 0.415740 0.417794 0.419858 0.421934 0.424017 0.426104 0.428200 0.430308 0.432423 0.434541 0.436661 0.438782 0.440905 0.443025 0.445132 0.447213 0.449264 0.451278 0.453246 0.455160 0.457022 0.458835 0.460594 0.462290 0.463917 0.465471 0.466942 0.468328 0.469637 0.470882 0.472072 0.473213 0.474320 0.475402 0.476455 0.477477 0.478480 0.479478 0.480469 0.481447 0.482413 0.483366 0.484289 0.485172 0.486027 0.500000 0.500000 0.500000 0.500000 0.500000 0.490981 0.491842 0.492720 0.493613 0.494528 0.495474 0.496450 0.497453 0.498483 0.499541 0.500626 0.501734
0.423401 0.366669 0.354653 0.354538 0.355597 0.356752 0.357977 0.359251 0.360566 0.361916 0.363291 0.364684 0.366104 0.500000 0.500000 0.500000 0.500000 0.500000 0.375628 0.377421 0.379231 0.381053 0.382875 0.384686 0.386478 0.388250 0.390004 0.391748 0.393494 0.395253 0.397035 0.398850 0.400719 0.402655 0.404645 0.406665 0.408700 0.410744 0.412792 0.414841 0.416894 0.418956 0.421024 0.423095 0.425171 0.427253 0.429339 0.431430 0.433529 0.435635 0.437747 0.439855 0.441949 0.444018 0.446058 0.448063 0.450022 0.451931 0.453792 0.455608 0.457377 0.459089 0.460738 0.462314 0.463809 0.465219 0.466554 0.467827 0.469049 0.470226 0.471373 0.472500 0.473609 0.474696 0.475771 0.476843 0.477910 0.478966 0.480008 0.481027 0.482005 0.482931 0.483819 0.500000 0.500000 0.500000 0.500000 0.500000 0.488937 0.489834 0.490752 0.491686 0.492637 0.493613 0.494614 0.495641 0.496701 0.497797 0.498923 0.500071
0.421940 0.364730 0.352640 0.352547 0.353611 0.354744 0.355929 0.357153 0.358414 0.359706 0.361020 0.362348 0.363693 0.500000 0.500000 0.500000 0.500000 0.500000 0.372867 0.374680 0.376499 0.378318 0.380130 0.381930 0.383710 0.385469 0.387211 0.388939 0.390660 0.392382 0.394117 0.395887 0.397730 0.399668 0.401676 0.403713 0.405759 0.407805 0.409848 0.411889 0.413931 0.415983 0.418041 0.420101 0.422160 0.424215 0.426268 0.428325 0.430397 0.432490 0.434593 0.436692 0.438775 0.440837 0.442872 0.444875 0.446832 0.448736 0.450592 0.452411 0.454189 0.455922 0.457601 0.459213 0.460739 0.462168 0.463516 0.464808 0.466054 0.467262 0.468444 0.469610 0.470766 0.471915 0.473061 0.474206 0.475345 0.476477 0.477597 0.478690 0.479727 0.480689 0.481599 0.500000 0.500000 0.500000 0.500000 0.500000 0.486885 0.487821 0.488781 0.489756 0.490744 0.491748 0.492769 0.493813 0.494898 0.496034 0.497209 0.498402
0.420391 0.362722 0.350595 0.350531 0.351598 0.352711 0.353861 0.355038 0.356247 0.357490 0.358753 0.360025 0.361305 0.500000 0.500000 0.500000 0.500000 0.500000 0.370152 0.371980 0.373799 0.375611 0.377412 0.379196 0.380961 0.382705 0.384430 0.386141 0.387840 0.389530 0.391217 0.392929 0.394734 0.396683 0.398721 0.400778 0.402830 0.404875 0.406911 0.408940 0.410972 0.413018 0.415070 0.417120 0.419162 0.421192 0.423211 0.425230 0.427272 0.429353 0.431452 0.433544 0.435618 0.437671 0.439703 0.441708 0.443666 0.445565 0.447417 0.449239 0.451030 0.452780 0.454489 0.456146 0.457710 0.459150 0.460502 0.461808 0.463079 0.464316 0.465530 0.466732 0.467933 0.469141 0.470355 0.471567 0.472775 0.473975 0.475169 0.476342 0.477445 0.478436 0.479360 0.500000 0.500000 0.500000 0.500000 0.500000 0.484828 0.485806 0.486810 0.487826 0.488850 0.489884 0.490924 0.491980 0.493085 0.494265 0.495493 0.496735
0.418931 0.360803 0.348602 0.348533 0.349582 0.350668 0.351783 0.352919 0.354083 0.355282 0.356501 0.357726 0.358957 0.500000 0.500000 0.500000 0.500000 0.500000 0.367537 0.369356 0.371155 0.372948 0.374730 0.376494 0.378237 0.379961 0.381666 0.383359 0.385041 0.386708 0.388366 0.390039 0.391813 0.393762 0.395811 0.397873 0.399922 0.401961 0.403988 0.406007 0.408030 0.410069 0.412114 0.414151 0.416176 0.418185 0.420180 0.422169 0.424185 0.426251 0.428340 0.430419 0.432479 0.434520 0.436544 0.438547 0.440504 0.442399 0.444250 0.446077 0.447877 0.449638 0.451367 0.453058 0.454655 0.456113 0.457478 0.458806 0.460107 0.461379 0.462629 0.463870 0.465116 0.466378 0.467650 0.468922 0.470187 0.471443 0.472698 0.473938 0.475099 0.476128 0.477083 0.500000 0.500000 0.500000 0.500000 0.500000 0.482782 0.483801 0.484849 0.485904 0.486965 0.488032 0.489100 0.490177 0.491306 0.492524 0.493794 0.495074
0.417718 0.359100 0.346722 0.346581 0.347583 0.348627 0.349704 0.350805 0.351934 0.353094 0.354274 0.355464 0.356665 0.500000 0.500000 0.500000 0.500000 0.500000 0.365060 0.366826 0.368585 0.370341 0.372090 0.373825 0.375543 0.377242 0.378925 0.380599 0.382266 0.383926 0.385583 0.387265 0.389038 0.390957 0.392970 0.395007 0.397042 0.399068 0.401086 0.403099 0.405115 0.407142 0.409171 0.411191 0.413200 0.415196 0.417180 0.419163 0.421166 0.423207 0.425265 0.427317 0.429355 0.431381 0.433392 0.435380 0.437328 0.439224 0.441080 0.442911 0.444713 0.446479 0.448213 0.449907 0.451519 0.453013 0.454422 0.455790 0.457130 0.458444 0.459739 0.461027 0.462321 0.463629 0.464947 0.466264 0.467574 0.468874 0.470167 0.471437 0.472637 0.473728 0.474752 0.500000 0.500000 0.500000 0.500000 0.500000 0.480760 0.481818 0.482903 0.483998 0.485099 0.486204 0.487311 0.488432 0.489599 0.490838 0.492124 0.493423
0.416604 0.357497 0.344901 0.344653 0.345586 0.346580 0.347618 0.348689 0.349788 0.350914 0.352062 0.353230 0.354415 0.500000 0.500000 0.500000 0.500000 0.500000 0.362679 0.364368 0.366070 0.367777 0.369484 0.371185 0.372872 0.374544 0.376204 0.377858 0.379513 0.381173 0.382846 0.384555 0.386337 0.388218 0.390175 0.392172 0.394182 0.396192 0.398201 0.400210 0.402219 0.404231 0.406240 0.408241 0.410235 0.412224 0.414210 0.416196 0.418192 0.420203 0.422220 0.424236 0.426247 0.428253 0.430247 0.432216 0.434151 0.436047 0.437909 0.439742 0.441545 0.443313 0.445044 0.446730 0.448349 0.449886 0.451352 0.452772 0.454159 0.455520 0.456864 0.458199 0.459538 0.460888 0.462244 0.463599 0.464945 0.466278 0.467595 0.468881 0.470113 0.471274 0.472384 0.500000 0.500000 0.500000 0.500000 0.500000 0.478748 0.479847 0.480969 0.482104 0.483247 0.484393 0.485546 0.486717 0.487925 0.489181 0.490472 0.491781
0.415419 0.355843 0.343062 0.342712 0.343568 0.344511 0.345513 0.346554 0.347625 0.348725 0.349852 0.351004 0.352182 0.500000 0.500000 0.500000 0.500000 0.500000 0.360338 0.361948 0.363583 0.365236 0.366899 0.368562 0.370217 0.371861 0.373498 0.375133 0.376776 0.378438 0.380124 0.381845 0.383625 0.385480 0.387396 0.389352 0.391332 0.393326 0.395327 0.397329 0.399329 0.401326 0.403317 0.405301 0.407284 0.409271 0.411259 0.413246 0.415231 0.417216 0.419198 0.421177 0.423156 0.425138 0.427112 0.429064 0.430987 0.432878 0.434741 0.436578 0.438386 0.440156 0.441887 0.443573 0.445205 0.446779 0.448296 0.449768 0.451205 0.452614 0.454002 0.455381 0.456760 0.458148 0.459541 0.460931 0.462309 0.463670 0.465010 0.466322 0.467592 0.468817 0.470004 0.500000 0.500000 0.500000 0.500000 0.500000 0.476728 0.477875 0.479041 0.480218 0.481400 0.482589 0.483786 0.485001 0.486244 0.487522 0.488826 0.490143
0.414146 0.354101 0.341164 0.340735 0.341525 0.342419 0.343384 0.344393 0.345440 0.346521 0.347633 0.348776 0.349951 0.500000 0.500000 0.500000 0.500000 0.500000 0.358004 0.359547 0.361118 0.362717 0.364332 0.365953 0.367573 0.369189 0.370804 0.372422 0.374054 0.375713 0.377400 0.379119 0.380890 0.382726 0.384615 0.386539 0.388491 0.390469 0.392459 0.394449 0.396437 0.398421 0.400399 0.402373 0.404350 0.406335 0.408323 0.410303 0.412276 0.414239 0.416193 0.418140 0.420088 0.422042 0.423992 0.425925 0.427835 0.429718 0.431580 0.433423 0.435239 0.437017 0.438756 0.440454 0.442106 0.443711 0.445268 0.446786 0.448268 0.449720 0.451151 0.452569 0.453986 0.455411 0.456839 0.458262 0.459672 0.461063 0.462433 0.463779 0.465094 0.466374 0.467626 0.500000 0.500000 0.500000 0.500000 0.500000 0.474706 0.475901 0.477112 0.478329 0.479552 0.480782 0.482022 0.483276 0.484552 0.485855 0.487177 0.488506
0.412809 0.352276 0.339195 0.338713 0.339459 0.340307 0.341229 0.342204 0.343226 0.344293 0.345399 0.346539 0.347714 0.500000 0.500000 0.500000 0.500000 0.500000 0.355666 0.357158 0.358676 0.360218 0.361780 0.363354 0.364936 0.366525 0.368120 0.369724 0.371345 0.372992 0.374668 0.376378 0.378138 0.379958 0.381827 0.383730 0.385662 0.387621 0.389592 0.391566 0.393540 0.395514 0.397487 0.399459 0.401435 0.403416 0.405396 0.407367 0.409326 0.411270 0.413202 0.415125 0.417047 0.418971 0.420890 0.422796 0.424689 0.426566 0.428430 0.430279 0.432105 0.433899 0.435657 0.437377 0.439053 0.440685 0.442273 0.443825 0.445343 0.446835 0.448306 0.449764 0.451218 0.452676 0.454136 0.455591 0.457035 0.458462 0.459872 0.461260 0.462619 0.463948 0.465252 0.500000 0.500000 0.500000 0.500000 0.500000 0.472685 0.473925 0.475177 0.476434 0.477697 0.478970 0.480253 0.481547 0.482856 0.484185 0.485525 0.486867
0.411390 0.350353 0.337145 0.336633 0.337352 0.338162 0.339043 0.339983 0.340980 0.342037 0.343142 0.344285 0.345459 0.500000 0.500000 0.500000 0.500000 0.500000 0.353318 0.354767 0.356239 0.357730 0.359238 0.360763 0.362304 0.363866 0.365443 0.367032 0.368638 0.370268 0.371926 0.373620 0.375364 0.377171 0.379029 0.380919 0.382836 0.384775 0.386727 0.388682 0.390641 0.392608 0.394581 0.396557 0.398532 0.400506 0.402477 0.404440 0.406386 0.408312 0.410223 0.412126 0.414025 0.415919 0.417803 0.419679 0.421552 0.423427 0.425296 0.427153 0.428990 0.430803 0.432587 0.434336 0.436039 0.437693 0.439304 0.440881 0.442432 0.443959 0.445468 0.446964 0.448455 0.449945 0.451435 0.452922 0.454401 0.455870 0.457324 0.458758 0.460165 0.461538 0.462887 0.500000 0.500000 0.500000 0.500000 0.500000 0.470662 0.471945 0.473234 0.474529 0.475833 0.477148 0.478475 0.479811 0.481156 0.482510 0.483869 0.485229
0.409880 0.348331 0.335014 0.334487 0.335190 0.335976 0.336828 0.337733 0.338705 0.339756 0.340865 0.342009 0.343182 0.500000 0.500000 0.500000 0.500000 0.500000 0.350955 0.352366 0.353796 0.355244 0.356706 0.358180 0.359679 0.361215 0.362773 0.364342 0.365927 0.367538 0.369177 0.370846 0.372570 0.374370 0.376223 0.378105 0.380008 0.381931 0.383865 0.385802 0.387749 0.389712 0.391686 0.393662 0.395634 0.397600 0.399563 0.401518 0.403453 0.405360 0.407250 0.409134 0.411012 0.412879 0.414733 0.416580 0.418434 0.420308 0.422186 0.424051 0.425898 0.427728 0.429537 0.431317 0.433049 0.434720 0.436347 0.437949 0.439530 0.441090 0.442634 0.444168 0.445695 0.447216 0.448737 0.450256 0.451773 0.453281 0.454781 0.456266 0.457721 0.459137 0.460527 0.500000 0.500000 0.500000 0.500000 0.500000 0.468626 0.469952 0.471278 0.472613 0.473958 0.475314 0.476682 0.478061 0.479444 0.480825 0.482206 0.483589
0.408326 0.346251 0.332821 0.332283 0.332977 0.333751 0.334587 0.335472 0.336428 0.337474 0.338582 0.339723 0.340892 0.500000 0.500000 0.500000 0.500000 0.500000 0.348581 0.349957 0.351349 0.352760 0.354183 0.355615 0.357076 0.358583 0.360117 0.361661 0.363222 0.364813 0.366432 0.368080 0.369786 0.371575 0.373422 0.375293 0.377183 0.379093 0.381014 0.382939 0.384875 0.386833 0.388803 0.390773 0.392737 0.394692 0.396644 0.398590 0.400514 0.402404 0.404276 0.406143 0.408004 0.409851 0.411684 0.413511 0.415353 0.417225 0.419107 0.420976 0.422829 0.424668 0.426494 0.428297 0.430053 0.431743 0.433388 0.435014 0.436624 0.438216 0.439795 0.441366 0.442930 0.444486 0.446039 0.447593 0.449145 0.450692 0.452233 0.453764 0.455267 0.456726 0.458159 0.500000 0.500000 0.500000 0.500000 0.500000 0.466568 0.467938 0.469305 0.470680 0.472065 0.473459 0.474865 0.476286 0.477708 0.479121 0.480531 0.481944
0.406775 0.344149 0.330584 0.330028 0.330718 0.331490 0.332326 0.333215 0.334171 0.335208 0.336303 0.337435 0.338599 0.500000 0.500000 0.500000 0.500000 0.500000 0.346198 0.347545 0.348905 0.350283 0.351673 0.353076 0.354507 0.355980 0.357480 0.358995 0.360532 0.362101 0.363703 0.365340 0.367036 0.368806 0.370632 0.372487 0.374366 0.376266 0.378179 0.380099 0.382029 0.383975 0.385931 0.387887 0.389838 0.391780 0.393717 0.395647 0.397557 0.399436 0.401298 0.403152 0.404998 0.406834 0.408659 0.410483 0.412321 0.414187 0.416063 0.417929 0.419782 0.421623 0.423452 0.425260 0.427028 0.428742 0.430415 0.432068 0.433706 0.435331 0.436947 0.438556 0.440156 0.441748 0.443337 0.444926 0.446514 0.448097 0.449676 0.451243 0.452785 0.454291 0.455774 0.500000 0.500000 0.500000 0.500000 0.500000 0.464483 0.465900 0.467310 0.468725 0.470147 0.471578 0.473021 0.474479 0.475940 0.477392 0.478840 0.480291
0.405189 0.341996 0.328290 0.327715 0.328407 0.329187 0.330037 0.330945 0.331912 0.332939 0.334018 0.335138 0.336293 0.500000 0.500000 0.500000 0.500000 0.500000 0.343807 0.345129 0.346463 0.347809 0.349170 0.350548 0.351954 0.353390 0.354851 0.356334 0.357845 0.359392 0.360978 0.362608 0.364294 0.366043 0.367845 0.369683 0.371552 0.373446 0.375356 0.377274 0.379198 0.381130 0.383067 0.385004 0.386937 0.388863 0.390784 0.392696 0.394592 0.396465 0.398320 0.400164 0.402000 0.403829 0.405654 0.407481 0.409320 0.411178 0.413044 0.414904 0.416754 0.418592 0.420415 0.422219 0.423993 0.425731 0.427436 0.429117 0.430783 0.432442 0.434095 0.435741 0.437379 0.439009 0.440634 0.442258 0.443880 0.445500 0.447113 0.448714 0.450293 0.451847 0.453382 0.500000 0.500000 0.500000 0.500000 0.500000 0.462384 0.463845 0.465298 0.466750 0.468208 0.469676 0.471156 0.472650 0.474149 0.475645 0.477139 0.478632
0.403522 0.339755 0.325923 0.325340 0.326040 0.326839 0.327713 0.328643 0.329621 0.330644 0.331710 0.332817 0.333963 0.500000 0.500000 0.500000 0.500000 0.500000 0.341408 0.342707 0.344017 0.345335 0.346666 0.348018 0.349396 0.350799 0.352223 0.353668 0.355147 0.356673 0.358243 0.359858 0.361529 0.363262 0.365048 0.366872 0.368733 0.370627 0.372540 0.374457 0.376374 0.378291 0.380209 0.382126 0.384039 0.385947 0.387851 0.389750 0.391634 0.393498 0.395346 0.397183 0.399012 0.400837 0.402661 0.404489 0.406327 0.408179 0.410037 0.411894 0.413742 0.415576 0.417393 0.419193 0.420974 0.422731 0.424463 0.426172 0.427867 0.429557 0.431245 0.432929 0.434606 0.436272 0.437931 0.439589 0.441247 0.442902 0.444551 0.446189 0.447811 0.449412 0.450994 0.500000 0.500000 0.500000 0.500000 0.500000 0.460286 0.461788 0.463278 0.464765 0.466257 0.467762 0.469281 0.470810 0.472347 0.473889 0.475431 0.476973
0.401781 0.337426 0.323483 0.322912 0.323633 0.324456 0.325354 0.326301 0.327288 0.328312 0.329373 0.330472 0.331612 0.500000 0.500000 0.500000 0.500000 0.500000 0.338993 0.340271 0.341558 0.342851 0.344154 0.345479 0.346829 0.348203 0.349596 0.351006 0.352451 0.353949 0.355493 0.357081 0.358730 0.360452 0.362233 0.364055 0.365916 0.367815 0.369731 0.371645 0.373555 0.375459 0.377358 0.379254 0.381147 0.383036 0.384923 0.386807 0.388681 0.390536 0.392376 0.394207 0.396032 0.397855 0.399677 0.401503 0.403338 0.405184 0.407039 0.408894 0.410741 0.412574 0.414391 0.416192 0.417980 0.419752 0.421505 0.423238 0.424960 0.426680 0.428401 0.430121 0.431834 0.433536 0.435230 0.436923 0.438617 0.440309 0.441996 0.443675 0.445340 0.446988 0.448618 0.500000 0.500000 0.500000 0.500000 0.500000 0.458193 0.459734 0.461262 0.462784 0.464310 0.465850 0.467401 0.468963 0.470538 0.472127 0.473724 0.475323
0.399980 0.335023 0.320980 0.320446 0.321207 0.322054 0.322965 0.323921 0.324914 0.325941 0.327005 0.328106 0.329245 0.500000 0.500000 0.500000 0.500000 0.500000 0.336557 0.337814 0.339078 0.340348 0.341628 0.342928 0.344252 0.345602 0.346972 0.348360 0.349776 0.351232 0.352728 0.354273 0.355894 0.357610 0.359402 0.361241 0.363115 0.365017 0.366932 0.368843 0.370745 0.372635 0.374517 0.376392 0.378263 0.380131 0.381998 0.383866 0.385726 0.387572 0.389407 0.391234 0.393057 0.394877 0.396697 0.398521 0.400352 0.402195 0.404047 0.405900 0.407749 0.409585 0.411408 0.413217 0.415013 0.416796 0.418564 0.420318 0.422066 0.423813 0.425562 0.427313 0.429060 0.430798 0.432530 0.434261 0.435993 0.437724 0.439452 0.441172 0.442880 0.444574 0.446254 0.500000 0.500000 0.500000 0.500000 0.500000 0.456106 0.457690 0.459259 0.460822 0.462384 0.463949 0.465523 0.467110 0.468721 0.470362 0.472024 0.473695
0.398101 0.332544 0.318429 0.317951 0.318761 0.319632 0.320551 0.321509 0.322504 0.323536 0.324608 0.325716 0.326857 0.500000 0.500000 0.500000 0.500000 0.500000 0.334101 0.335334 0.336577 0.337827 0.339087 0.340362 0.341663 0.342995 0.344352 0.345726 0.347116 0.348524 0.349956 0.351436 0.353020 0.354742 0.356565 0.358436 0.360329 0.362235 0.364146 0.366052 0.367945 0.369821 0.371682 0.373536 0.375385 0.377232 0.379079 0.380927 0.382771 0.384608 0.386437 0.388261 0.390082 0.391901 0.393719 0.395539 0.397368 0.399209 0.401059 0.402913 0.404763 0.406606 0.408437 0.410255 0.412063 0.413856 0.415638 0.417411 0.419182 0.420956 0.422731 0.424508 0.426284 0.428060 0.429833 0.431604 0.433377 0.435149 0.436918 0.438680 0.440433 0.442175 0.443907 0.500000 0.500000 0.500000 0.500000 0.500000 0.454031 0.455661 0.457277 0.458883 0.460480 0.462070 0.463657 0.465257 0.466899 0.468601 0.470344 0.472097
0.396169 0.330030 0.315872 0.315454 0.316304 0.317193 0.318118 0.319074 0.320068 0.321105 0.322183 0.323297 0.324440 0.500000 0.500000 0.500000 0.500000 0.500000 0.331623 0.332834 0.334058 0.335292 0.336533 0.337786 0.339068 0.340391 0.341742 0.343103 0.344468 0.345835 0.347205 0.348606 0.350139 0.351882 0.353755 0.355657 0.357561 0.359468 0.361374 0.363272 0.365154 0.367011 0.368850 0.370681 0.372509 0.374338 0.376166 0.377993 0.379820 0.381646 0.383470 0.385289 0.387106 0.388922 0.390738 0.392556 0.394382 0.396221 0.398073 0.399929 0.401783 0.403629 0.405467 0.407297 0.409117 0.410923 0.412719 0.414512 0.416308 0.418108 0.419910 0.421710 0.423514 0.425327 0.427141 0.428954 0.430768 0.432584 0.434398 0.436203 0.438001 0.439794 0.441580 0.500000 0.500000 0.500000 0.500000 0.500000 0.451976 0.453656 0.455322 0.456971 0.458604 0.460225 0.461829 0.463432 0.465095 0.466871 0.468708 0.470542
0.394345 0.327630 0.313392 0.312997 0.313861 0.314755 0.315679 0.316631 0.317620 0.318656 0.319735 0.320849 0.321989 0.500000 0.500000 0.500000 0.500000 0.500000 0.329115 0.330311 0.331523 0.332747 0.333978 0.335219 0.336490 0.337809 0.339156 0.340507 0.341855 0.343198 0.344531 0.345882 0.347379 0.349129 0.351022 0.352930 0.354828 0.356723 0.358614 0.360496 0.362360 0.364197 0.366014 0.367824 0.369634 0.371447 0.373261 0.375072 0.376882 0.378697 0.380510 0.382321 0.384131 0.385942 0.387754 0.389569 0.391393 0.393231 0.395083 0.396940 0.398797 0.400648 0.402494 0.404335 0.406168 0.407990 0.409805 0.411621 0.413443 0.415272 0.417101 0.418929 0.420764 0.422613 0.424467 0.426321 0.428176 0.430037 0.431897 0.433749 0.435596 0.437440 0.439277 0.500000 0.500000 0.500000 0.500000 0.500000 0.449957 0.451689 0.453407 0.455100 0.456776 0.458439 0.460078 0.461703 0.463398 0.465236 0.467147 0.469043
0.392773 0.325461 0.311043 0.310604 0.311450 0.312331 0.313244 0.314189 0.315171 0.316198 0.317267 0.318371 0.319501 0.500000 0.500000 0.500000 0.500000 0.500000 0.326572 0.327763 0.328971 0.330195 0.331430 0.332677 0.333952 0.335266 0.336605 0.337949 0.339292 0.340633 0.341973 0.343346 0.344849 0.346562 0.348404 0.350273 0.352140 0.354005 0.355865 0.357718 0.359556 0.361372 0.363172 0.364965 0.366760 0.368561 0.370364 0.372165 0.373965 0.375766 0.377566 0.379364 0.381162 0.382962 0.384767 0.386579 0.388401 0.390237 0.392085 0.393941 0.395800 0.397657 0.399513 0.401365 0.403212 0.405054 0.406894 0.408737 0.410588 0.412445 0.414307 0.416171 0.418044 0.419928 0.421819 0.423713 0.425611 0.427516 0.429423 0.431325 0.433222 0.435115 0.437000 0.500000 0.500000 0.500000 0.500000 0.500000 0.447984 0.449767 0.451534 0.453280 0.455009 0.456727 0.458429 0.460125 0.461880 0.463750 0.465682 0.467608
0.391309 0.323403 0.308768 0.308249 0.309053 0.309907 0.310803 0.311736 0.312708 0.313721 0.314774 0.315863 0.316979 0.500000 0.500000 0.500000 0.500000 0.500000 0.323997 0.325191 0.326403 0.327633 0.328880 0.330144 0.331432 0.332745 0.334077 0.335418 0.336766 0.338124 0.339500 0.340922 0.342445 0.344107 0.345868 0.347671 0.349487 0.351307 0.353127 0.354941 0.356746 0.358540 0.360325 0.362104 0.363886 0.365676 0.367472 0.369268 0.371061 0.372848 0.374632 0.376415 0.378199 0.379986 0.381780 0.383584 0.385402 0.387234 0.389079 0.390933 0.392793 0.394657 0.396522 0.398386 0.400249 0.402113 0.403981 0.405855 0.407736 0.409625 0.411523 0.413428 0.415342 0.417264 0.419191 0.421125 0.423067 0.425016 0.426969 0.428922 0.430870 0.432810 0.434740 0.500000 0.500000 0.500000 0.500000 0.500000 0.446041 0.447877 0.449698 0.451500 0.453291 0.455076 0.456855 0.458643 0.460469 0.462359 0.464290 0.466227
0.389790 0.321312 0.306486 0.305887 0.306641 0.307466 0.308344 0.309261 0.310217 0.311214 0.312251 0.313324 0.314426 0.500000 0.500000 0.500000 0.500000 0.500000 0.321396 0.322598 0.323818 0.325059 0.326321 0.327602 0.328904 0.330224 0.331558 0.332901 0.334259 0.335644 0.337059 0.338515 0.340045 0.341669 0.343365 0.345099 0.346855 0.348625 0.350399 0.352172 0.353941 0.355710 0.357477 0.359242 0.361013 0.362795 0.364584 0.366373 0.368157 0.369931 0.371699 0.373469 0.375239 0.377012 0.378791 0.380583 0.382392 0.384220 0.386063 0.387917 0.389780 0.391649 0.393523 0.395398 0.397278 0.399166 0.401063 0.402968 0.404882 0.406807 0.408742 0.410688 0.412643 0.414605 0.416574 0.418549 0.420533 0.422529 0.424530 0.426531 0.428528 0.430515 0.432492 0.500000 0.500000 0.500000 0.500000 0.500000 0.444112 0.446005 0.447882 0.449747 0.451605 0.453463 0.455322 0.457189 0.459078 0.460996 0.462937 0.464883
0.388200 0.319149 0.304159 0.303500 0.304210 0.305008 0.305866 0.306762 0.307698 0.308679 0.309700 0.310757 0.311843 0.500000 0.500000 0.500000 0.500000 0.500000 0.318776 0.319989 0.321221 0.322476 0.323752 0.325048 0.326364 0.327698 0.329043 0.330396 0.331770 0.333180 0.334623 0.336096 0.337623 0.339220 0.340868 0.342544 0.344241 0.345958 0.347684 0.349412 0.351146 0.352887 0.354635 0.356388 0.358148 0.359920 0.361698 0.363475 0.365246 0.367006 0.368761 0.370517 0.372275 0.374033 0.375796 0.377573 0.379372 0.381195 0.383038 0.384893 0.386758 0.388631 0.390512 0.392399 0.394298 0.396211 0.398138 0.400076 0.402026 0.403987 0.405959 0.407943 0.409939 0.411944 0.413958 0.415980 0.418011 0.420054 0.422103 0.424152 0.426195 0.428231 0.430256 0.500000 0.500000 0.500000 0.500000 0.500000 0.442188 0.444140 0.446080 0.448013 0.449943 0.451874 0.453807 0.455742 0.457685 0.459640 0.461603 0.463568
0.386560 0.316921 0.301774 0.301077 0.301762 0.302532 0.303364 0.304240 0.305159 0.306121 0.307125 0.308164 0.309233 0.500000 0.500000 0.500000 0.500000 0.500000 0.316142 0.317369 0.318617 0.319887 0.321177 0.322486 0.323816 0.325166 0.326531 0.327905 0.329300 0.330727 0.332183 0.333667 0.335190 0.336760 0.338368 0.340000 0.341648 0.343310 0.344981 0.346662 0.348358 0.350074 0.351804 0.353547 0.355297 0.357055 0.358815 0.360573 0.362325 0.364069 0.365810 0.367554 0.369298 0.371043 0.372793 0.374556 0.376344 0.378162 0.380003 0.381859 0.383725 0.385602 0.387488 0.389386 0.391302 0.393243 0.395205 0.397181 0.399167 0.401163 0.403169 0.405189 0.407224 0.409274 0.411339 0.413415 0.415500 0.417593 0.419689 0.421785 0.423877 0.425961 0.428035 0.500000 0.500000 0.500000 0.500000 0.500000 0.440267 0.442281 0.444291 0.446297 0.448301 0.450303 0.452303 0.454299 0.456294 0.458289 0.460284 0.462277
0.384851 0.314612 0.299321 0.298603 0.299274 0.300023 0.300833 0.301691 0.302594 0.303540 0.304525 0.305546 0.306599 0.500000 0.500000 0.500000 0.500000 0.500000 0.313493 0.314738 0.316004 0.317289 0.318593 0.319914 0.321258 0.322629 0.324019 0.325420 0.326837 0.328275 0.329737 0.331225 0.332742 0.334291 0.335867 0.337462 0.339067 0.340676 0.342290 0.343918 0.345573 0.347264 0.348983 0.350716 0.352455 0.354194 0.355931 0.357667 0.359398 0.361123 0.362849 0.364577 0.366309 0.368042 0.369779 0.371529 0.373307 0.375120 0.376961 0.378818 0.380686 0.382565 0.384455 0.386359 0.388291 0.390263 0.392265 0.394282 0.396306 0.398336 0.400374 0.402425 0.404497 0.406597 0.408718 0.410854 0.412996 0.415139 0.417283 0.419428 0.421569 0.423701 0.425824 0.500000 0.500000 0.500000 0.500000 0.500000 0.438350 0.440431 0.442516 0.444597 0.446672 0.448741 0.450804 0.452858 0.454905 0.456944 0.458977 0.461005
0.383062 0.312216 0.296797 0.296067 0.296729 0.297466 0.298263 0.299109 0.299999 0.300932 0.301902 0.302907 0.303946 0.500000 0.500000 0.500000 0.500000 0.500000 0.310832 0.312095 0.313378 0.314682 0.316000 0.317334 0.318694 0.320089 0.321506 0.322933 0.324369 0.325816 0.327281 0.328768 0.330278 0.331810 0.333361 0.334925 0.336492 0.338054 0.339614 0.341185 0.342794 0.344464 0.346173 0.347895 0.349615 0.351331 0.353044 0.354758 0.356468 0.358173 0.359878 0.361591 0.363311 0.365033 0.366759 0.368496 0.370263 0.372076 0.373920 0.375777 0.377646 0.379527 0.381420 0.383327 0.385272 0.387277 0.389322 0.391381 0.393445 0.395510 0.397578 0.399657 0.401765 0.403918 0.406101 0.408296 0.410492 0.412685 0.414878 0.417073 0.419265 0.421447 0.423619 0.500000 0.500000 0.500000 0.500000 0.500000 0.436450 0.438599 0.440759 0.442912 0.445054 0.447185 0.449307 0.451419 0.453518 0.455602 0.457676 0.459743
0.381234 0.309768 0.294219 0.293477 0.294133 0.294863 0.295652 0.296491 0.297373 0.298297 0.299258 0.300252 0.301282 0.302348 0.500000 0.500000 0.500000 0.500000 0.500000 0.309446 0.310746 0.312068 0.313405 0.314755 0.316134 0.317552 0.318993 0.320439 0.321890 0.323347 0.324816 0.326301 0.327803 0.329322 0.330852 0.332388 0.333921 0.335447 0.336965 0.338490 0.340057 0.341700 0.343387 0.345084 0.346776 0.348462 0.350147 0.351836 0.353526 0.355210 0.356897 0.358596 0.360305 0.362021 0.363742 0.365473 0.367236 0.369048 0.370891 0.372747 0.374615 0.376498 0.378395 0.380308 0.382268 0.384301 0.386383 0.388481 0.390583 0.392686 0.394790 0.396902 0.399049 0.401254 0.403493 0.405741 0.407987 0.410229 0.412471 0.414716 0.416959 0.419192 0.500000 0.500000 0.500000 0.500000 0.500000 0.432403 0.434586 0.436800 0.439027 0.441243 0.443445 0.445634 0.447813 0.449979 0.452129 0.454259 0.456376 0.458485
0.379408 0.307299 0.291597 0.290838 0.291492 0.292217 0.293002 0.293836 0.294715 0.295635 0.296592 0.297584 0.298612 0.299673 0.500000 0.500000 0.500000 0.500000 0.500000 0.306796 0.308110 0.309450 0.310810 0.312186 0.313589 0.315023 0.316477 0.317937 0.319400 0.320869 0.322346 0.323832 0.325327 0.326830 0.328339 0.329850 0.331358 0.332858 0.334353 0.335856 0.337395 0.338995 0.340634 0.342285 0.343935 0.345583 0.347234 0.348893 0.350559 0.352227 0.353902 0.355590 0.357293 0.359009 0.360736 0.362477 0.364245 0.366051 0.367884 0.369732 0.371596 0.373480 0.375384 0.377315 0.379296 0.381348 0.383452 0.385580 0.387718 0.389862 0.392012 0.394175 0.396372 0.398619 0.400899 0.403189 0.405481 0.407770 0.410061 0.412355 0.414648 0.416936 0.500000 0.500000 0.500000 0.500000 0.500000 0.430528 0.432776 0.435047 0.437325 0.439593 0.441848 0.444091 0.446322 0.448538 0.450736 0.452914 0.455075 0.457224
0.377544 0.304776 0.288917 0.288142 0.288797 0.289522 0.290308 0.291143 0.292023 0.292943 0.293901 0.294896 0.295925 0.296985 0.500000 0.500000 0.500000 0.500000 0.500000 0.304140 0.305467 0.306827 0.308212 0.309619 0.311046 0.312495 0.313958 0.315429 0.316904 0.318386 0.319871 0.321360 0.322850 0.324339 0.325827 0.327315 0.328801 0.330283 0.331765 0.333257 0.334774 0.336325 0.337901 0.339492 0.341090 0.342694 0.344306 0.345929 0.347568 0.349222 0.350891 0.352574 0.354275 0.355998 0.357739 0.359496 0.361272 0.363069 0.364887 0.366722 0.368578 0.370461 0.372374 0.374324 0.376328 0.378396 0.380517 0.382670 0.384844 0.387033 0.389236 0.391458 0.393710 0.395997 0.398311 0.400640 0.402974 0.405310 0.407649 0.409991 0.412335 0.414682 0.500000 0.500000 0.500000 0.500000 0.500000 0.428689 0.431005 0.433329 0.435652 0.437966 0.440268 0.442561 0.444841 0.447104 0.449347 0.451571 0.453779 0.455970
0.375600 0.302163 0.286160 0.285379 0.286040 0.286775 0.287568 0.288409 0.289294 0.290220 0.291184 0.292182 0.293211 0.294272 0.500000 0.500000 0.500000 0.500000 0.500000 0.301473 0.302813 0.304196 0.305610 0.307045 0.308494 0.309959 0.311435 0.312918 0.314407 0.315901 0.317395 0.318887 0.320372 0.321848 0.323318 0.324786 0.326251 0.327717 0.329186 0.330663 0.332154 0.333659 0.335177 0.336704 0.338243 0.339799 0.341367 0.342950 0.344557 0.346198 0.347865 0.349549 0.351255 0.352990 0.354746 0.356516 0.358296 0.360085 0.361886 0.363705 0.365549 0.367427 0.369345 0.371307 0.373329 0.375417 0.377562 0.379745 0.381957 0.384195 0.386455 0.388734 0.391039 0.393371 0.395726 0.398093 0.400467 0.402849 0.405235 0.407625 0.410023 0.412431 0.500000 0.500000 0.500000 0.500000 0.500000 0.426877 0.429257 0.431636 0.434008 0.436366 0.438712 0.441051 0.443378 0.445684 0.447971 0.450242 0.452496 0.454731
0.373582 0.299461 0.283324 0.282551 0.283230 0.283981 0.284786 0.285637 0.286531 0.287466 0.288438 0.289440 0.290471 0.291532 0.500000 0.500000 0.500000 0.500000 0.500000 0.298798 0.300158 0.301565 0.303005 0.304462 0.305931 0.307413 0.308904 0.310404 0.311908 0.313413 0.314916 0.316410 0.317892 0.319359 0.320814 0.322263 0.323709 0.325157 0.326608 0.328063 0.329523 0.330987 0.332454 0.333924 0.335406 0.336908 0.338427 0.339963 0.341538 0.343167 0.344836 0.346528 0.348244 0.349991 0.351758 0.353533 0.355310 0.357091 0.358879 0.360680 0.362508 0.364376 0.366289 0.368254 0.370288 0.372401 0.374580 0.376804 0.379063 0.381355 0.383670 0.386004 0.388361 0.390743 0.393144 0.395553 0.397969 0.400393 0.402822 0.405258 0.407710 0.410186 0.500000 0.500000 0.500000 0.500000 0.500000 0.425095 0.427538 0.429976 0.432401 0.434805 0.437192 0.439573 0.441939 0.444284 0.446613 0.448931 0.451234 0.453519
0.371505 0.296684 0.280419 0.279671 0.280382 0.281154 0.281974 0.282835 0.283739 0.284685 0.285666 0.286675 0.287708 0.288769 0.500000 0.500000 0.500000 0.500000 0.500000 0.296124 0.297516 0.298943 0.300398 0.301870 0.303357 0.304856 0.306367 0.307884 0.309404 0.310924 0.312436 0.313933 0.315413 0.316872 0.318315 0.319748 0.321177 0.322604 0.324031 0.325457 0.326883 0.328309 0.329735 0.331161 0.332591 0.334034 0.335491 0.336976 0.338517 0.340136 0.341814 0.343524 0.345257 0.347011 0.348777 0.350546 0.352316 0.354087 0.355864 0.357652 0.359462 0.361310 0.363205 0.365161 0.367203 0.369345 0.371571 0.373852 0.376171 0.378518 0.380887 0.383274 0.385685 0.388120 0.390572 0.393030 0.395490 0.397950 0.400413 0.402888 0.405396 0.407947 0.500000 0.500000 0.500000 0.500000 0.500000 0.423351 0.425860 0.428357 0.430838 0.433294 0.435725 0.438138 0.440530 0.442906 0.445273 0.447639 0.449998 0.452340
0.369352 0.293826 0.277456 0.276751 0.277503 0.278301 0.279136 0.280008 0.280921 0.281879 0.282872 0.283890 0.284929 0.285989 0.500000 0.500000 0.500000 0.500000 0.500000 0.293451 0.294879 0.296327 0.297792 0.299272 0.300770 0.302290 0.303823 0.305361 0.306899 0.308432 0.309955 0.311461 0.312940 0.314391 0.315821 0.317239 0.318651 0.320056 0.321455 0.322848 0.324240 0.325634 0.327027 0.328416 0.329800 0.331182 0.332568 0.333986 0.335485 0.337103 0.338806 0.340544 0.342293 0.344048 0.345805 0.347562 0.349318 0.351079 0.352845 0.354619 0.356412 0.358235 0.360099 0.362027 0.364067 0.366250 0.368543 0.370897 0.373282 0.375688 0.378108 0.380545 0.383008 0.385503 0.388016 0.390530 0.393038 0.395535 0.398024 0.400525 0.403079 0.405718 0.500000 0.500000 0.500000 0.500000 0.500000 0.421648 0.424222 0.426781 0.429320 0.431830 0.434308 0.436750 0.439161 0.441556 0.443955 0.446372 0.448794 0.451199
0.367141 0.290926 0.274475 0.273817 0.274607 0.275431 0.276283 0.277163 0.278084 0.279057 0.280066 0.281096 0.282143 0.283208 0.500000 0.500000 0.500000 0.500000 0.500000 0.290789 0.292247 0.293717 0.295193 0.296676 0.298181 0.299721 0.301282 0.302842 0.304395 0.305939 0.307473 0.308990 0.310475 0.311917 0.313330 0.314733 0.316128 0.317512 0.318883 0.320244 0.321605 0.322972 0.324339 0.325695 0.327037 0.328368 0.329686 0.331020 0.332464 0.334094 0.335836 0.337598 0.339352 0.341103 0.342849 0.344587 0.346326 0.348073 0.349828 0.351589 0.353366 0.355169 0.357000 0.358883 0.360908 0.363148 0.365529 0.367958 0.370405 0.372869 0.375340 0.377821 0.380335 0.382897 0.385483 0.388063 0.390626 0.393170 0.395688 0.398202 0.400794 0.403532 0.500000 0.500000 0.500000 0.500000 0.500000 0.419992 0.422626 0.425247 0.427847 0.430413 0.432937 0.435415 0.437847 0.440252 0.442674 0.445146 0.447637 0.450104
0.365015 0.288111 0.271549 0.270908 0.271717 0.272558 0.273426 0.274317 0.275249 0.276237 0.277264 0.278310 0.279372 0.280450 0.500000 0.500000 0.500000 0.500000 0.500000 0.288159 0.289639 0.291127 0.292617 0.294106 0.295618 0.297174 0.298753 0.300328 0.301892 0.303442 0.304982 0.306509 0.307999 0.309433 0.310834 0.312224 0.313605 0.314971 0.316321 0.317658 0.318994 0.320340 0.321685 0.323014 0.324326 0.325623 0.326898 0.328174 0.329574 0.331201 0.332954 0.334712 0.336453 0.338189 0.339917 0.341634 0.343353 0.345085 0.346828 0.348576 0.350344 0.352141 0.353959 0.355821 0.357845 0.360131 0.362577 0.365062 0.367561 0.370078 0.372602 0.375134 0.377704 0.380336 0.382996 0.385645 0.388275 0.390883 0.393456 0.396010 0.398653 0.401479 0.500000 0.500000 0.500000 0.500000 0.500000 0.418399 0.421092 0.423773 0.426430 0.429048 0.431620 0.434140 0.436607 0.439036 0.441485 0.444006 0.446552 0.449066
0.363098 0.285486 0.268726 0.268048 0.268849 0.269693 0.270572 0.271481 0.272431 0.273434 0.274476 0.275541 0.276626 0.277732 0.500000 0.500000 0.500000 0.500000 0.500000 0.285579 0.287071 0.288570 0.290074 0.291581 0.293107 0.294666 0.296244 0.297821 0.299387 0.300941 0.302482 0.304005 0.305492 0.306928 0.308329 0.309714 0.311084 0.312438 0.313775 0.315098 0.316419 0.317747 0.319072 0.320384 0.321682 0.322968 0.324240 0.325525 0.326920 0.328500 0.330192 0.331903 0.333608 0.335311 0.337012 0.338708 0.340409 0.342124 0.343851 0.345593 0.347362 0.349167 0.351009 0.352914 0.354975 0.357268 0.359717 0.362227 0.364765 0.367327 0.369907 0.372506 0.375146 0.377843 0.380568 0.383289 0.385996 0.388687 0.391355 0.394017 0.396754 0.399632 0.500000 0.500000 0.500000 0.500000 0.500000 0.416884 0.419638 0.422371 0.425077 0.427742 0.430362 0.432933 0.435453 0.437938 0.440436 0.442987 0.445555 0.448096
0.361263 0.282943 0.265955 0.265209 0.265984 0.266823 0.267712 0.268641 0.269613 0.270633 0.271693 0.272781 0.273897 0.275043 0.500000 0.500000 0.500000 0.500000 0.500000 0.283032 0.284528 0.286037 0.287556 0.289084 0.290626 0.292183 0.293752 0.295322 0.296887 0.298440 0.299978 0.301494 0.302976 0.304416 0.305822 0.307206 0.308570 0.309915 0.311243 0.312559 0.313871 0.315185 0.316495 0.317796 0.319091 0.320383 0.321678 0.322999 0.324400 0.325917 0.327518 0.329153 0.330800 0.332459 0.334126 0.335798 0.337479 0.339173 0.340885 0.342621 0.344395 0.346220 0.348106 0.350077 0.352188 0.354477 0.356908 0.359423 0.361992 0.364599 0.367238 0.369911 0.372629 0.375393 0.378184 0.380981 0.383776 0.386569 0.389358 0.392156 0.395003 0.397924 0.500000 0.500000 0.500000 0.500000 0.500000 0.415438 0.418249 0.421032 0.423782 0.426494 0.429163 0.431789 0.434373 0.436928 0.439482 0.442054 0.444630 0.447185
0.359368 0.280352 0.263160 0.262352 0.263098 0.263932 0.264832 0.265778 0.266772 0.267816 0.268902 0.270019 0.271171 0.272364 0.500000 0.500000 0.500000 0.500000 0.500000 0.280496 0.281992 0.283513 0.285049 0.286596 0.288149 0.289706 0.291267 0.292831 0.294392 0.295941 0.297475 0.298990 0.300472 0.301914 0.303322 0.304704 0.306064 0.307403 0.308723 0.310032 0.311338 0.312644 0.313947 0.315241 0.316535 0.317842 0.319161 0.320502 0.321895 0.323361 0.324883 0.326437 0.328015 0.329623 0.331251 0.332890 0.334542 0.336213 0.337909 0.339637 0.341415 0.343263 0.345188 0.347206 0.349354 0.351655 0.354088 0.356616 0.359214 0.361871 0.364574 0.367318 0.370110 0.372953 0.375826 0.378707 0.381599 0.384506 0.387420 0.390343 0.393288 0.396268 0.500000 0.500000 0.500000 0.500000 0.500000 0.414046 0.416909 0.419740 0.422538 0.425298 0.428020 0.430701 0.433346 0.435963 0.438567 0.441165 0.443753 0.446322
0.357393 0.277680 0.260311 0.259462 0.260189 0.261022 0.261929 0.262890 0.263906 0.264981 0.266101 0.267257 0.268450 0.269691 0.500000 0.500000 0.500000 0.500000 0.500000 0.500000 0.279464 0.280997 0.282550 0.284110 0.285671 0.287229 0.288786 0.290345 0.291900 0.293446 0.294979 0.296496 0.297981 0.299423 0.300830 0.302210 0.303566 0.304900 0.306216 0.307520 0.308821 0.310125 0.311426 0.312718 0.314015 0.315333 0.316664 0.318007 0.319383 0.320808 0.322269 0.323751 0.325261 0.326811 0.328387 0.329980 0.331593 0.333237 0.334915 0.336635 0.338415 0.340276 0.342222 0.344265 0.346438 0.348766 0.351225 0.353784 0.356423 0.359135 0.361901 0.364714 0.367584 0.370516 0.373486 0.376468 0.379465 0.382488 0.385520 0.388549 0.391584 0.500000 0.500000 0.500000 0.500000 0.500000 0.500000 0.412704 0.415616 0.418496 0.421342 0.424152 0.426924 0.429659 0.432360 0.435032 0.437680 0.440308 0.442915 0.445501
0.355355 0.274930 0.257397 0.256536 0.257266 0.258098 0.259006 0.259978 0.261017 0.262126 0.263292 0.264499 0.265743 0.267025 0.268339 0.500000 0.500000 0.500000 0.500000 0.500000 0.276949 0.278493 0.280056 0.281625 0.283192 0.284752 0.286306 0.287860 0.289410 0.290955 0.292490 0.294009 0.295496 0.296940 0.298346 0.299722 0.301076 0.302408 0.303722 0.305024 0.306324 0.307628 0.308931 0.310231 0.311535 0.312854 0.314182 0.315517 0.316873 0.318261 0.319674 0.321102 0.322551 0.324032 0.325538 0.327066 0.328628 0.330240 0.331902 0.333616 0.335394 0.337250 0.339194 0.341245 0.343438 0.345799 0.348305 0.350919 0.353617 0.356387 0.359215 0.362100 0.365055 0.368086 0.371167 0.374268 0.377384 0.380515 0.383649 0.386775 0.389896 0.500000 0.500000 0.500000 0.500000 0.500000 0.408408 0.411409 0.414372 0.417300 0.420192 0.423049 0.425870 0.428657 0.431412 0.434135 0.436825 0.439483 0.442114 0.444721
0.353233 0.272086 0.254411 0.253561 0.254311 0.255149 0.256058 0.257036 0.258097 0.259250 0.260475 0.261743 0.263040 0.264361 0.265705 0.500000 0.500000 0.500000 0.500000 0.500000 0.274437 0.275992 0.277563 0.279140 0.280712 0.282272 0.283824 0.285374 0.286922 0.288469 0.290010 0.291534 0.293025 0.294470 0.295873 0.297247 0.298597 0.299929 0.301242 0.302544 0.303844 0.305151 0.306462 0.307772 0.309083 0.310396 0.311711 0.313030 0.314364 0.315722 0.317095 0.318478 0.319872 0.321282 0.322706 0.324150 0.325648 0.327226 0.328875 0.330580 0.332342 0.334176 0.336097 0.338133 0.340338 0.342744 0.345318 0.348009 0.350783 0.353623 0.356517 0.359472 0.362514 0.365660 0.368873 0.372108 0.375346 0.378583 0.381811 0.385026 0.388229 0.500000 0.500000 0.500000 0.500000 0.500000 0.407098 0.410154 0.413172 0.416147 0.419083 0.421986 0.424856 0.427694 0.430501 0.433274 0.436005 0.438693 0.441345 0.443974
0.351023 0.269149 0.251354 0.250530 0.251309 0.252169 0.253091 0.254074 0.255155 0.256364 0.257660 0.258991 0.260337 0.261696 0.263067 0.500000 0.500000 0.500000 0.500000 0.500000 0.271918 0.273483 0.275063 0.276647 0.278224 0.279785 0.281336 0.282885 0.284435 0.285986 0.287535 0.289071 0.290570 0.292015 0.293414 0.294786 0.296136 0.297469 0.298782 0.300081 0.301381 0.302696 0.304018 0.305335 0.306646 0.307950 0.309249 0.310547 0.311858 0.313190 0.314532 0.315873 0.317215 0.318562 0.319905 0.321254 0.322674 0.324221 0.325855 0.327531 0.329255 0.331054 0.332938 0.334939 0.337141 0.339606 0.342272 0.345054 0.347917 0.350847 0.353822 0.356845 0.359975 0.363258 0.366624 0.369995 0.373349 0.376689 0.380010 0.383308 0.386587 0.500000 0.500000 0.500000 0.500000 0.500000 0.405817 0.408931 0.412005 0.415028 0.418009 0.420958 0.423878 0.426768 0.429626 0.432447 0.435217 0.437932 0.440604 0.443251
0.348779 0.266165 0.248244 0.247450 0.248269 0.249168 0.250126 0.251137 0.252252 0.253516 0.254871 0.256252 0.257640 0.259032 0.260430 0.500000 0.500000 0.500000 0.500000 0.500000 0.269386 0.270960 0.272545 0.274135 0.275717 0.277283 0.278838 0.280392 0.281947 0.283503 0.285058 0.286603 0.288111 0.289559 0.290961 0.292336 0.293693 0.295030 0.296348 0.297649 0.298951 0.300273 0.301600 0.302918 0.304223 0.305517 0.306801 0.308081 0.309370 0.310679 0.311993 0.313298 0.314596 0.315893 0.317173 0.318446 0.319792 0.321289 0.322877 0.324494 0.326159 0.327908 0.329753 0.331723 0.333925 0.336444 0.339195 0.342071 0.345038 0.348081 0.351168 0.354293 0.357532 0.360950 0.364456 0.367949 0.371409 0.374844 0.378252 0.381629 0.384977 0.500000 0.500000 0.500000 0.500000 0.500000 0.404554 0.407725 0.410855 0.413930 0.416961 0.419962 0.422933 0.425874 0.428780 0.431644 0.434451 0.437192 0.439885 0.442548
0.346552 0.263169 0.245096 0.244327 0.245198 0.246156 0.247180 0.248265 0.249444 0.250746 0.252127 0.253535 0.254952 0.256373 0.257797 0.500000 0.500000 0.500000 0.500000 0.500000 0.266841 0.268419 0.270006 0.271597 0.273184 0.274760 0.276328 0.277892 0.279454 0.281016 0.282573 0.284117 0.285628 0.287087 0.288504 0.289894 0.291264 0.292616 0.293948 0.295262 0.296572 0.297890 0.299209 0.300519 0.301817 0.303101 0.304373 0.305642 0.306916 0.308202 0.309489 0.310767 0.312036 0.313297 0.314543 0.315782 0.317078 0.318485 0.319967 0.321489 0.323072 0.324754 0.326560 0.328527 0.330750 0.333297 0.336102 0.339070 0.342158 0.345341 0.348585 0.351879 0.355270 0.358799 0.362397 0.365986 0.369540 0.373061 0.376546 0.379993 0.383407 0.500000 0.500000 0.500000 0.500000 0.500000 0.403305 0.406526 0.409708 0.412841 0.415934 0.418993 0.422019 0.425009 0.427958 0.430860 0.433699 0.436470 0.439186 0.441865
0.344278 0.260112 0.241887 0.241151 0.242088 0.243127 0.244244 0.245427 0.246683 0.248018 0.249412 0.250835 0.252272 0.253716 0.255167 0.500000 0.500000 0.500000 0.500000 0.500000 0.264283 0.265863 0.267451 0.269042 0.270634 0.272225 0.273811 0.275390 0.276962 0.278529 0.280086 0.281626 0.283138 0.284611 0.286050 0.287462 0.288853 0.290225 0.291577 0.292911 0.294230 0.295542 0.296846 0.298142 0.299426 0.300700 0.301964 0.303224 0.304486 0.305754 0.307020 0.308278 0.309528 0.310771 0.312000 0.313224 0.314474 0.315775 0.317118 0.318504 0.319970 0.321565 0.323319 0.325273 0.327512 0.330091 0.332956 0.336026 0.339255 0.342616 0.346061 0.349561 0.353123 0.356757 0.360430 0.364098 0.367735 0.371333 0.374889 0.378402 0.381878 0.500000 0.500000 0.500000 0.500000 0.500000 0.402074 0.405341 0.408573 0.411768 0.414926 0.418051 0.421136 0.424176 0.427168 0.430105 0.432976 0.435774 0.438512 0.441204
0.341896 0.256945 0.238600 0.237918 0.238938 0.240082 0.241308 0.242586 0.243912 0.245287 0.246702 0.248141 0.249595 0.251060 0.252533 0.500000 0.500000 0.500000 0.500000 0.500000 0.261714 0.263299 0.264891 0.266486 0.268085 0.269689 0.271294 0.272890 0.274475 0.276048 0.277607 0.279148 0.280665 0.282152 0.283612 0.285047 0.286461 0.287855 0.289228 0.290580 0.291910 0.293221 0.294513 0.295789 0.297054 0.298314 0.299569 0.300817 0.302068 0.303327 0.304585 0.305831 0.307070 0.308304 0.309523 0.310722 0.311917 0.313120 0.314325 0.315544 0.316850 0.318327 0.319991 0.321879 0.324103 0.326744 0.329722 0.332928 0.336328 0.339910 0.343589 0.347295 0.351018 0.354768 0.358528 0.362272 0.365983 0.369653 0.373278 0.376856 0.380389 0.500000 0.500000 0.500000 0.500000 0.500000 0.400869 0.404183 0.407465 0.410715 0.413938 0.417132 0.420283 0.423375 0.426412 0.429389 0.432294 0.435114 0.437866 0.440565
0.339421 0.253678 0.235243 0.234657 0.235790 0.237049 0.238379 0.239739 0.241126 0.242546 0.243992 0.245453 0.246925 0.248407 0.249897 0.500000 0.500000 0.500000 0.500000 0.500000 0.500000 0.260737 0.262335 0.263937 0.265545 0.267163 0.268784 0.270398 0.271999 0.273582 0.275148 0.276696 0.278220 0.279722 0.281199 0.282655 0.284090 0.285504 0.286897 0.288266 0.289607 0.290921 0.292207 0.293468 0.294713 0.295954 0.297190 0.298422 0.299663 0.300922 0.302186 0.303437 0.304675 0.305905 0.307109 0.308273 0.309411 0.310531 0.311617 0.312674 0.313795 0.315092 0.316588 0.318343 0.320526 0.323257 0.326418 0.329841 0.333473 0.337298 0.341201 0.345090 0.348959 0.352826 0.356680 0.360504 0.364288 0.368025 0.371714 0.375351 0.500000 0.500000 0.500000 0.500000 0.500000 0.500000 0.399695 0.403055 0.406384 0.409686 0.412965 0.416223 0.419440 0.422594 0.425688 0.428716 0.431656 0.434493 0.437245 0.439937
0.336879 0.250334 0.231846 0.231413 0.232697 0.234065 0.235476 0.236901 0.238340 0.239803 0.241285 0.242776 0.244270 0.245765 0.247263 0.500000 0.500000 0.500000 0.500000 0.500000 0.500000 0.258186 0.259791 0.261400 0.263017 0.264647 0.266285 0.267917 0.269536 0.271135 0.272714 0.274273 0.275810 0.277324 0.278816 0.280287 0.281740 0.283172 0.284583 0.285967 0.287321 0.288643 0.289931 0.291188 0.292418 0.293632 0.294837 0.296043 0.297275 0.298545 0.299833 0.301111 0.302365 0.303590 0.304770 0.305896 0.306982 0.308035 0.309033 0.309972 0.310914 0.311949 0.313152 0.314681 0.316793 0.319650 0.323090 0.326861 0.330809 0.334868 0.338945 0.342979 0.346973 0.350947 0.354895 0.358801 0.362656 0.366455 0.370199 0.373889 0.500000 0.500000 0.500000 0.500000 0.500000 0.500000 0.398554 0.401956 0.405329 0.408675 0.412001 0.415309 0.418586 0.421817 0.424991 0.428087 0.431068 0.433911 0.436643 0.439303
0.334230 0.246919 0.228453 0.228221 0.229668 0.231139 0.232614 0.234085 0.235565 0.237069 0.238590 0.240112 0.241628 0.243135 0.244635 0.246138 0.500000 0.500000 0.500000 0.500000 0.500000 0.255645 0.257257 0.258870 0.260496 0.262141 0.263797 0.265449 0.267087 0.268704 0.270300 0.271876 0.273427 0.274954 0.276459 0.277944 0.279411 0.280860 0.282288 0.283688 0.285057 0.286391 0.287689 0.288949 0.290171 0.291359 0.292522 0.293689 0.294905 0.296202 0.297540 0.298864 0.300144 0.301368 0.302522 0.303606 0.304647 0.305658 0.306605 0.307457 0.308231 0.308975 0.309779 0.310911 0.312855 0.315937 0.319830 0.324057 0.328353 0.332632 0.336849 0.340988 0.345075 0.349146 0.353188 0.357174 0.361094 0.364948 0.368740 0.372476 0.500000 0.500000 0.500000 0.500000 0.500000 0.393972 0.397441 0.400881 0.404292 0.407675 0.411039 0.414388 0.417721 0.421033 0.424307 0.427501 0.430538 0.433370 0.436050 0.438657
0.331548 0.243559 0.225192 0.225156 0.226732 0.228289 0.229818 0.231316 0.232819 0.234360 0.235919 0.237469 0.239002 0.240518 0.242019 0.243515 0.500000 0.500000 0.500000 0.500000 0.500000 0.253115 0.254732 0.256349 0.257982 0.259644 0.261321 0.262993 0.264649 0.266284 0.267899 0.269494 0.271064 0.272606 0.274124 0.275624 0.277107 0.278572 0.280016 0.281434 0.282821 0.284171 0.285483 0.286752 0.287975 0.289151 0.290280 0.291394 0.292586 0.293929 0.295340 0.296718 0.298026 0.299257 0.300395 0.301440 0.302445 0.303448 0.304380 0.305168 0.305813 0.306331 0.306738 0.307317 0.308968 0.312400 0.316903 0.321581 0.326156 0.330621 0.334956 0.339158 0.343300 0.347457 0.351589 0.355644 0.359616 0.363516 0.367351 0.371124 0.500000 0.500000 0.500000 0.500000 0.500000 0.392853 0.396352 0.399825 0.403268 0.406679 0.410072 0.413458 0.416840 0.420221 0.423594 0.426910 0.430024 0.432824 0.435427 0.437981
0.329280 0.240661 0.222291 0.222343 0.223974 0.225570 0.227125 0.228636 0.230149 0.231711 0.233293 0.234859 0.236403 0.237929 0.239435 0.240931 0.500000 0.500000 0.500000 0.500000 0.500000 0.250600 0.252226 0.253849 0.255490 0.257167 0.258862 0.260551 0.262223 0.263874 0.265507 0.267122 0.268712 0.270272 0.271808 0.273326 0.274827 0.276311 0.277773 0.279211 0.280618 0.281990 0.283321 0.284608 0.285847 0.287033 0.288161 0.289258 0.290447 0.291831 0.293296 0.294712 0.296047 0.297296 0.298441 0.299479 0.300480 0.301500 0.302445 0.303219 0.303825 0.304271 0.304507 0.304792 0.306276 0.309934 0.314789 0.319690 0.324392 0.328950 0.333351 0.337585 0.341756 0.345963 0.350150 0.354245 0.358249 0.362182 0.366048 0.369848 0.500000 0.500000 0.500000 0.500000 0.500000 0.391760 0.395283 0.398780 0.402247 0.405681 0.409097 0.412511 0.415927 0.419348 0.422779 0.426172 0.429341 0.432130 0.434700 0.437238
0.327821 0.238547 0.219902 0.219857 0.221448 0.223019 0.224561 0.226073 0.227592 0.229149 0.230726 0.232293 0.233843 0.235377 0.236896 0.238412 0.500000 0.500000 0.500000 0.500000 0.500000 0.248106 0.249741 0.251379 0.253035 0.254721 0.256423 0.258123 0.259808 0.261475 0.263124 0.264754 0.266363 0.267946 0.269508 0.271050 0.272574 0.274078 0.275561 0.277019 0.278449 0.279845 0.281205 0.282523 0.283796 0.285020 0.286197 0.287358 0.288597 0.289987 0.291447 0.292874 0.294231 0.295509 0.296693 0.297785 0.298836 0.299882 0.300856 0.301689 0.302382 0.302951 0.303410 0.304045 0.305753 0.309246 0.313811 0.318549 0.323183 0.327703 0.332090 0.336340 0.340530 0.344732 0.348907 0.353001 0.357013 0.360959 0.364840 0.368659 0.500000 0.500000 0.500000 0.500000 0.500000 0.390691 0.394231 0.397744 0.401226 0.404679 0.408113 0.411543 0.414970 0.418395 0.421814 0.425175 0.428334 0.431175 0.433816 0.436401
0.326773 0.236890 0.217868 0.217616 0.219094 0.220593 0.222094 0.223593 0.225104 0.226644 0.228202 0.229761 0.231312 0.232853 0.234391 0.235933 0.500000 0.500000 0.500000 0.500000 0.500000 0.245627 0.247272 0.248926 0.250597 0.252291 0.253999 0.255709 0.257407 0.259089 0.260753 0.262398 0.264026 0.265634 0.267223 0.268793 0.270342 0.271869 0.273373 0.274853 0.276308 0.277735 0.279130 0.280489 0.281811 0.283097 0.284356 0.285616 0.286927 0.288320 0.289755 0.291178 0.292555 0.293872 0.295119 0.296297 0.297429 0.298527 0.299558 0.300500 0.301370 0.302215 0.303124 0.304367 0.306425 0.309626 0.313643 0.317992 0.322406 0.326795 0.331116 0.335354 0.339537 0.343699 0.347825 0.351891 0.355891 0.359832 0.363716 0.367543 0.500000 0.500000 0.500000 0.500000 0.500000 0.389648 0.393200 0.396721 0.400213 0.403679 0.407126 0.410561 0.413983 0.417384 0.420750 0.424037 0.427162 0.430074 0.432826 0.435494
0.325683 0.235278 0.215954 0.215492 0.216821 0.218231 0.219682 0.221150 0.222638 0.224156 0.225695 0.227243 0.228795 0.230347 0.231901 0.233463 0.500000 0.500000 0.500000 0.500000 0.500000 0.500000 0.244810 0.246475 0.248157 0.249862 0.251582 0.253304 0.255018 0.256715 0.258396 0.260059 0.261708 0.263340 0.264957 0.266554 0.268128 0.269677 0.271204 0.272708 0.274192 0.275656 0.277093 0.278499 0.279879 0.281240 0.282587 0.283936 0.285311 0.286728 0.288163 0.289587 0.290984 0.292349 0.293668 0.294934 0.296156 0.297341 0.298469 0.299541 0.300625 0.301812 0.303174 0.304866 0.307147 0.310180 0.313803 0.317758 0.321884 0.326107 0.330341 0.334529 0.338670 0.342780 0.346854 0.350879 0.354853 0.358781 0.362660 0.500000 0.500000 0.500000 0.500000 0.500000 0.500000 0.388634 0.392193 0.395720 0.399218 0.402691 0.406144 0.409577 0.412983 0.416350 0.419665 0.422901 0.426012 0.428970 0.431804 0.434557
0.324478 0.233582 0.214031 0.213405 0.214598 0.215913 0.217300 0.218722 0.220177 0.221670 0.223193 0.224735 0.226288 0.227850 0.229418 0.230991 0.500000 0.500000 0.500000 0.500000 0.500000 0.500000 0.242351 0.244024 0.245715 0.247434 0.249169 0.250907 0.252637 0.254352 0.256051 0.257736 0.259407 0.261063 0.262704 0.264326 0.265924 0.267498 0.269050 0.270584 0.272104 0.273610 0.275096 0.276558 0.278001 0.279437 0.280864 0.282287 0.283722 0.285179 0.286641 0.288085 0.289511 0.290926 0.292312 0.293661 0.294981 0.296279 0.297543 0.298781 0.300091 0.301590 0.303295 0.305262 0.307665 0.310625 0.314025 0.317690 0.321557 0.325602 0.329717 0.333815 0.337884 0.341934 0.345959 0.349945 0.353891 0.357800 0.361667 0.500000 0.500000 0.500000 0.500000 0.500000 0.500000 0.387650 0.391214 0.394743 0.398244 0.401721 0.405173 0.408598 0.411984 0.415319 0.418598 0.421808 0.424918 0.427905 0.430792 0.433612
0.323195 0.231795 0.212050 0.211315 0.212409 0.213628 0.214934 0.216296 0.217710 0.219179 0.220690 0.222230 0.223789 0.225359 0.226935 0.228517 0.500000 0.500000 0.500000 0.500000 0.500000 0.500000 0.239893 0.241574 0.243277 0.245008 0.246759 0.248513 0.250261 0.251996 0.253718 0.255425 0.257118 0.258798 0.260461 0.262105 0.263727 0.265327 0.266910 0.268481 0.270044 0.271599 0.273142 0.274668 0.276180 0.277683 0.279179 0.280669 0.282164 0.283671 0.285176 0.286664 0.288136 0.289596 0.291038 0.292463 0.293886 0.295317 0.296752 0.298206 0.299752 0.301478 0.303396 0.305541 0.308032 0.310951 0.314218 0.317716 0.321403 0.325262 0.329212 0.333182 0.337158 0.341141 0.345119 0.349074 0.352998 0.356887 0.360736 0.500000 0.500000 0.500000 0.500000 0.500000 0.500000 0.386697 0.390263 0.393795 0.397297 0.400771 0.404216 0.407627 0.410993 0.414305 0.417562 0.420757 0.423867 0.426877 0.429802 0.432666
0.321807 0.229892 0.209984 0.209179 0.210204 0.211340 0.212561 0.213853 0.215221 0.216668 0.218177 0.219724 0.221290 0.222865 0.224447 0.226035 0.227633 0.500000 0.500000 0.500000 0.500000 0.500000 0.237437 0.239124 0.240836 0.242581 0.244348 0.246121 0.247888 0.249645 0.251391 0.253123 0.254840 0.256540 0.258224 0.259890 0.261538 0.263169 0.264788 0.266399 0.268008 0.269619 0.271225 0.272819 0.274399 0.275966 0.277523 0.279075 0.280631 0.282194 0.283755 0.285303 0.286832 0.288340 0.289829 0.291319 0.292841 0.294420 0.296049 0.297728 0.299490 0.301381 0.303429 0.305684 0.308234 0.311138 0.314339 0.317747 0.321313 0.325008 0.328783 0.332604 0.336471 0.340389 0.344331 0.348263 0.352165 0.356030 0.359857 0.500000 0.500000 0.500000 0.500000 0.500000 0.382170 0.385774 0.389340 0.392874 0.396375 0.399845 0.403279 0.406675 0.410025 0.413322 0.416566 0.419751 0.422863 0.425889 0.428841 0.431735
0.320296 0.227860 0.207821 0.206971 0.207945 0.209017 0.210166 0.211387 0.212704 0.214139 0.215656 0.217211 0.218781 0.220357 0.221942 0.223538 0.225143 0.500000 0.500000 0.500000 0.500000 0.500000 0.234982 0.236672 0.238392 0.240152 0.241938 0.243731 0.245518 0.247295 0.249064 0.250823 0.252567 0.254289 0.255992 0.257683 0.259362 0.261031 0.262689 0.264341 0.265997 0.267666 0.269338 0.270999 0.272643 0.274270 0.275887 0.277498 0.279114 0.280740 0.282366 0.283981 0.285575 0.287141 0.288683 0.290226 0.291838 0.293575 0.295401 0.297275 0.299209 0.301234 0.303378 0.305688 0.308265 0.311185 0.314372 0.317727 0.321202 0.324771 0.328399 0.332072 0.335824 0.339687 0.343605 0.347513 0.351387 0.355223 0.359023 0.500000 0.500000 0.500000 0.500000 0.500000 0.381277 0.384878 0.388443 0.391977 0.395478 0.398941 0.402366 0.405751 0.409089 0.412375 0.415611 0.418794 0.421910 0.424945 0.427912 0.430830
0.318728 0.225753 0.205583 0.204694 0.205627 0.206654 0.207754 0.208923 0.210201 0.211622 0.213138 0.214691 0.216258 0.217832 0.219418 0.221019 0.222632 0.500000 0.500000 0.500000 0.500000 0.500000 0.500000 0.234230 0.235960 0.237733 0.239534 0.241342 0.243145 0.244937 0.246726 0.248512 0.250284 0.252031 0.253762 0.255485 0.257203 0.258917 0.260622 0.262320 0.264024 0.265749 0.267481 0.269201 0.270904 0.272590 0.274265 0.275936 0.277614 0.279307 0.281004 0.282692 0.284360 0.286002 0.287618 0.289235 0.290944 0.292823 0.294809 0.296833 0.298903 0.301044 0.303274 0.305632 0.308233 0.311169 0.314350 0.317662 0.321065 0.324542 0.328065 0.331625 0.335281 0.339085 0.342963 0.346831 0.350665 0.354465 0.500000 0.500000 0.500000 0.500000 0.500000 0.500000 0.380410 0.384009 0.387573 0.391107 0.394606 0.398063 0.401479 0.404855 0.408184 0.411460 0.414689 0.417870 0.420989 0.424032 0.427013 0.429954
0.317169 0.223623 0.203292 0.202356 0.203257 0.204254 0.205331 0.206485 0.207749 0.209144 0.210632 0.212164 0.213717 0.215286 0.216871 0.218474 0.220092 0.500000 0.500000 0.500000 0.500000 0.500000 0.500000 0.231808 0.233554 0.235334 0.237138 0.238951 0.240761 0.242565 0.244369 0.246175 0.247974 0.249757 0.251529 0.253297 0.255063 0.256830 0.258590 0.260344 0.262102 0.263875 0.265654 0.267423 0.269179 0.270921 0.272655 0.274389 0.276132 0.277894 0.279664 0.281432 0.283186 0.284924 0.286649 0.288391 0.290222 0.292201 0.294281 0.296411 0.298588 0.300828 0.303150 0.305590 0.308241 0.311168 0.314307 0.317568 0.320914 0.324329 0.327791 0.331299 0.334898 0.338623 0.342420 0.346220 0.350000 0.353754 0.500000 0.500000 0.500000 0.500000 0.500000 0.500000 0.379565 0.383165 0.386732 0.390264 0.393759 0.397213 0.400623 0.403989 0.407306 0.410571 0.413789 0.416962 0.420082 0.423138 0.426142 0.429109
0.315567 0.221430 0.200929 0.199948 0.200824 0.201807 0.202880 0.204041 0.205300 0.206668 0.208119 0.209622 0.211157 0.212718 0.214301 0.215905 0.217527 0.500000 0.500000 0.500000 0.500000 0.500000 0.500000 0.229396 0.231160 0.232945 0.234746 0.236556 0.238368 0.240181 0.241997 0.243819 0.245644 0.247469 0.249293 0.251115 0.252938 0.254763 0.256585 0.258401 0.260216 0.262035 0.263854 0.265666 0.267468 0.269263 0.271054 0.272848 0.274657 0.276490 0.278339 0.280193 0.282043 0.283892 0.285747 0.287633 0.289590 0.291648 0.293790 0.295994 0.298253 0.300579 0.302989 0.305520 0.308225 0.311140 0.314229 0.317441 0.320743 0.324119 0.327552 0.331040 0.334602 0.338249 0.341950 0.345668 0.349381 0.353082 0.500000 0.500000 0.500000 0.500000 0.500000 0.500000 0.378749 0.382354 0.385925 0.389457 0.392949 0.396398 0.399803 0.403159 0.406462 0.409712 0.412916 0.416079 0.419197 0.422269 0.425300 0.428296
0.313861 0.219123 0.198470 0.197456 0.198318 0.199301 0.200382 0.201549 0.202805 0.204154 0.205579 0.207057 0.208577 0.210130 0.211709 0.213313 0.214941 0.500000 0.500000 0.500000 0.500000 0.500000 0.500000 0.226982 0.228764 0.230555 0.232353 0.234159 0.235972 0.237793 0.239622 0.241457 0.243306 0.245175 0.247055 0.248938 0.250823 0.252711 0.254596 0.256476 0.258349 0.260217 0.262077 0.263928 0.265773 0.267617 0.269460 0.271309 0.273181 0.275091 0.277025 0.278970 0.280924 0.282893 0.284879 0.286893 0.288959 0.291098 0.293303 0.295562 0.297883 0.300279 0.302763 0.305359 0.308104 0.311022 0.314088 0.317268 0.320542 0.323899 0.327318 0.330789 0.334315 0.337900 0.341523 0.345159 0.348800 0.352445 0.500000 0.500000 0.500000 0.500000 0.500000 0.500000 0.377970 0.381582 0.385161 0.388695 0.392183 0.395628 0.399025 0.402370 0.405659 0.408893 0.412080 0.415231 0.418349 0.421437 0.424493 0.427517
0.312053 0.216695 0.195906 0.194881 0.195745 0.196737 0.197829 0.199002 0.200256 0.201595 0.203006 0.204470 0.205978 0.207524 0.209102 0.210706 0.212343 0.214014 0.500000 0.500000 0.500000 0.500000 0.500000 0.224559 0.226359 0.228158 0.229960 0.231767 0.233582 0.235411 0.237249 0.239099 0.240974 0.242886 0.244824 0.246771 0.248722 0.250674 0.252622 0.254563 0.256494 0.258413 0.260320 0.262214 0.264101 0.265987 0.267875 0.269773 0.271708 0.273699 0.275728 0.277775 0.279839 0.281928 0.284033 0.286155 0.288316 0.290534 0.292804 0.295116 0.297484 0.299930 0.302463 0.305098 0.307871 0.310805 0.313877 0.317052 0.320319 0.323670 0.327081 0.330532 0.334025 0.337562 0.341125 0.344693 0.348264 0.351847 0.500000 0.500000 0.500000 0.500000 0.500000 0.373594 0.377238 0.380861 0.384448 0.387984 0.391469 0.394906 0.398291 0.401623 0.404897 0.408114 0.411285 0.414425 0.417543 0.420644 0.423722 0.426772
0.310160 0.214155 0.193239 0.192227 0.193113 0.194119 0.195220 0.196400 0.197658 0.198995 0.200400 0.201859 0.203362 0.204905 0.206481 0.208088 0.209735 0.211426 0.500000 0.500000 0.500000 0.500000 0.500000 0.500000 0.223942 0.225756 0.227570 0.229386 0.231209 0.233042 0.234885 0.236748 0.238651 0.240608 0.242606 0.244622 0.246641 0.248657 0.250665 0.252663 0.254649 0.256624 0.258585 0.260531 0.262462 0.264383 0.266303 0.268243 0.270240 0.272318 0.274455 0.276622 0.278804 0.281001 0.283207 0.285425 0.287671 0.289963 0.292295 0.294662 0.297073 0.299546 0.302097 0.304750 0.307544 0.310503 0.313603 0.316805 0.320089 0.323441 0.326842 0.330275 0.333741 0.337240 0.340757 0.344274 0.347786 0.500000 0.500000 0.500000 0.500000 0.500000 0.500000 0.372897 0.376562 0.380199 0.383793 0.387331 0.390811 0.394235 0.397603 0.400917 0.404174 0.407374 0.410532 0.413662 0.416779 0.419890 0.422987 0.426060
0.308162 0.211496 0.190473 0.189496 0.190418 0.191442 0.192554 0.193742 0.195008 0.196352 0.197762 0.199224 0.200729 0.202273 0.203847 0.205454 0.207110 0.208825 0.500000 0.500000 0.500000 0.500000 0.500000 0.500000 0.221517 0.223351 0.225182 0.227015 0.228849 0.230687 0.232532 0.234400 0.236328 0.238340 0.240409 0.242498 0.244585 0.246664 0.248730 0.250780 0.252820 0.254855 0.256879 0.258883 0.260862 0.262817 0.264757 0.266720 0.268768 0.270946 0.273214 0.275513 0.277813 0.280109 0.282403 0.284703 0.287027 0.289388 0.291782 0.294202 0.296650 0.299139 0.301684 0.304326 0.307127 0.310126 0.313283 0.316535 0.319848 0.323208 0.326600 0.330016 0.333460 0.336933 0.340419 0.343901 0.347363 0.500000 0.500000 0.500000 0.500000 0.500000 0.500000 0.372256 0.375948 0.379599 0.383199 0.386738 0.390211 0.393619 0.396966 0.400257 0.403495 0.406681 0.409823 0.412939 0.416051 0.419172 0.422291 0.425388
0.306072 0.208746 0.187640 0.186704 0.187660 0.188707 0.189833 0.191029 0.192305 0.193666 0.195093 0.196566 0.198079 0.199628 0.201204 0.202808 0.204470 0.206214 0.500000 0.500000 0.500000 0.500000 0.500000 0.500000 0.219091 0.220947 0.222800 0.224652 0.226503 0.228353 0.230203 0.232069 0.234016 0.236094 0.238248 0.240410 0.242562 0.244705 0.246828 0.248928 0.251020 0.253122 0.255217 0.257283 0.259314 0.261312 0.263276 0.265242 0.267325 0.269619 0.272036 0.274461 0.276865 0.279252 0.281627 0.283997 0.286387 0.288817 0.291274 0.293743 0.296227 0.298730 0.301264 0.303869 0.306657 0.309714 0.312952 0.316260 0.319601 0.322971 0.326360 0.329760 0.333186 0.336647 0.340121 0.343577 0.346998 0.500000 0.500000 0.500000 0.500000 0.500000 0.500000 0.371697 0.375407 0.379065 0.382666 0.386203 0.389669 0.393060 0.396384 0.399651 0.402870 0.406042 0.409169 0.412263 0.415362 0.418497 0.421641 0.424761
0.304010 0.206015 0.184799 0.183884 0.184863 0.185929 0.187071 0.188279 0.189569 0.190950 0.192398 0.193888 0.195416 0.196978 0.198565 0.200177 0.201851 0.203619 0.500000 0.500000 0.500000 0.500000 0.500000 0.500000 0.216664 0.218544 0.220424 0.222301 0.224179 0.226058 0.227931 0.229816 0.231793 0.233931 0.236154 0.238378 0.240590 0.242794 0.244979 0.247136 0.249287 0.251459 0.253625 0.255756 0.257850 0.259910 0.261924 0.263924 0.266056 0.268449 0.270979 0.273499 0.275984 0.278448 0.280894 0.283328 0.285779 0.288271 0.290787 0.293304 0.295825 0.298356 0.300901 0.303496 0.306284 0.309385 0.312677 0.316018 0.319376 0.322755 0.326144 0.329537 0.332953 0.336409 0.339875 0.343314 0.346709 0.500000 0.500000 0.500000 0.500000 0.500000 0.500000 0.371251 0.374958 0.378608 0.382200 0.385726 0.389179 0.392553 0.395858 0.399107 0.402309 0.405472 0.408589 0.411668 0.414757 0.417898 0.421056 0.424187
0.302084 0.203387 0.181991 0.181058 0.182045 0.183123 0.184278 0.185507 0.186818 0.188216 0.189681 0.191193 0.192744 0.194327 0.195938 0.197582 0.199285 0.201068 0.202907 0.500000 0.500000 0.500000 0.500000 0.500000 0.500000 0.216142 0.218052 0.219966 0.221884 0.223808 0.225737 0.227689 0.229727 0.231898 0.234149 0.236414 0.238678 0.240943 0.243195 0.245426 0.247652 0.249889 0.252119 0.254323 0.256495 0.258636 0.260745 0.262857 0.265086 0.267526 0.270086 0.272650 0.275190 0.277712 0.280218 0.282714 0.285226 0.287770 0.290333 0.292898 0.295464 0.298042 0.300641 0.303301 0.306136 0.309233 0.312505 0.315839 0.319199 0.322579 0.325971 0.329370 0.332789 0.336237 0.339690 0.343119 0.500000 0.500000 0.500000 0.500000 0.500000 0.500000 0.367209 0.370936 0.374613 0.378236 0.381801 0.385303 0.388736 0.392095 0.395388 0.398626 0.401820 0.404978 0.408096 0.411181 0.414272 0.417402 0.420544 0.423664
0.300182 0.200774 0.179175 0.178204 0.179188 0.180273 0.181446 0.182700 0.184036 0.185453 0.186938 0.188476 0.190055 0.191668 0.193315 0.195003 0.196741 0.198537 0.200377 0.500000 0.500000 0.500000 0.500000 0.500000 0.500000 0.213734 0.215682 0.217637 0.219605 0.221588 0.223591 0.225632 0.227743 0.229942 0.232206 0.234500 0.236812 0.239137 0.241462 0.243776 0.246084 0.248390 0.250686 0.252966 0.255226 0.257466 0.259698 0.261952 0.264292 0.266760 0.269315 0.271894 0.274468 0.277034 0.279592 0.282145 0.284710 0.287299 0.289905 0.292516 0.295135 0.297772 0.300446 0.303198 0.306094 0.309176 0.312402 0.315708 0.319058 0.322436 0.325833 0.329243 0.332669 0.336111 0.339555 0.342981 0.500000 0.500000 0.500000 0.500000 0.500000 0.500000 0.367080 0.370732 0.374356 0.377937 0.381467 0.384937 0.388345 0.391689 0.394973 0.398205 0.401395 0.404551 0.407675 0.410773 0.413869 0.416980 0.420093 0.423189
0.298181 0.198065 0.176290 0.175287 0.176266 0.177364 0.178560 0.179840 0.181203 0.182646 0.184159 0.185727 0.187340 0.188992 0.190682 0.192411 0.194182 0.195994 0.197842 0.500000 0.500000 0.500000 0.500000 0.500000 0.500000 0.211319 0.213306 0.215306 0.217325 0.219373 0.221454 0.223575 0.225752 0.227992 0.230285 0.232612 0.234971 0.237358 0.239759 0.242155 0.244546 0.246930 0.249303 0.251663 0.254014 0.256364 0.258719 0.261096 0.263529 0.266042 0.268610 0.271200 0.273798 0.276402 0.279004 0.281602 0.284210 0.286841 0.289490 0.292147 0.294819 0.297518 0.300262 0.303081 0.306020 0.309105 0.312311 0.315594 0.318931 0.322309 0.325712 0.329130 0.332562 0.336008 0.339454 0.342887 0.500000 0.500000 0.500000 0.500000 0.500000 0.500000 0.367027 0.370606 0.374169 0.377701 0.381192 0.384630 0.388014 0.391341 0.394614 0.397837 0.401021 0.404176 0.407304 0.410408 0.413502 0.416596 0.419683 0.422755
0.296077 0.195240 0.173307 0.172292 0.173278 0.174393 0.175613 0.176921 0.178313 0.179789 0.181337 0.182941 0.184594 0.186291 0.188025 0.189795 0.191599 0.193435 0.195300 0.500000 0.500000 0.500000 0.500000 0.500000 0.500000 0.208897 0.210925 0.212971 0.215043 0.217154 0.219302 0.221489 0.223726 0.226019 0.228360 0.230736 0.233149 0.235601 0.238074 0.240549 0.243022 0.245493 0.247955 0.250405 0.252853 0.255311 0.257778 0.260257 0.262772 0.265340 0.267942 0.270555 0.273176 0.275811 0.278448 0.281080 0.283724 0.286395 0.289085 0.291787 0.294507 0.297260 0.300058 0.302922 0.305891 0.308993 0.312201 0.315478 0.318811 0.322192 0.325603 0.329027 0.332466 0.335923 0.339383 0.342831 0.500000 0.500000 0.500000 0.500000 0.500000 0.500000 0.367021 0.370539 0.374044 0.377527 0.380976 0.384381 0.387739 0.391046 0.394304 0.397515 0.400691 0.403842 0.406967 0.410068 0.413154 0.416233 0.419303 0.422357
0.293893 0.192306 0.170221 0.169217 0.170228 0.171365 0.172606 0.173939 0.175364 0.176878 0.178468 0.180116 0.181815 0.183558 0.185340 0.187154 0.188996 0.190861 0.192749 0.500000 0.500000 0.500000 0.500000 0.500000 0.500000 0.500000 0.208539 0.210635 0.212761 0.214925 0.217126 0.219368 0.221662 0.224015 0.226420 0.228865 0.231346 0.233864 0.236404 0.238953 0.241510 0.244074 0.246637 0.249192 0.251744 0.254303 0.256867 0.259438 0.262031 0.264656 0.267302 0.269953 0.272607 0.275265 0.277922 0.280581 0.283257 0.285963 0.288691 0.291435 0.294197 0.296990 0.299825 0.302722 0.305719 0.308840 0.312061 0.315352 0.318695 0.322084 0.325501 0.328934 0.332385 0.335858 0.339338 0.500000 0.500000 0.500000 0.500000 0.500000 0.500000 0.500000 0.367053 0.370524 0.373979 0.377414 0.380819 0.384187 0.387515 0.390799 0.394040 0.397238 0.400404 0.403544 0.406657 0.409746 0.412820 0.415889 0.418950 0.421997
0.291594 0.189238 0.167020 0.166052 0.167106 0.168272 0.169536 0.170895 0.172353 0.173914 0.175555 0.177255 0.179003 0.180796 0.182627 0.184488 0.186372 0.188272 0.190189 0.192122 0.500000 0.500000 0.500000 0.500000 0.500000 0.500000 0.206149 0.208295 0.210470 0.212678 0.214923 0.217211 0.219559 0.221981 0.224463 0.226990 0.229551 0.232140 0.234748 0.237369 0.240009 0.242674 0.245350 0.248018 0.250676 0.253331 0.255983 0.258637 0.261303 0.263989 0.266687 0.269385 0.272075 0.274754 0.277425 0.280101 0.282801 0.285539 0.288306 0.291087 0.293883 0.296703 0.299559 0.302475 0.305492 0.308638 0.311887 0.315205 0.318571 0.321974 0.325402 0.328847 0.332314 0.335809 0.339316 0.500000 0.500000 0.500000 0.500000 0.500000 0.500000 0.363669 0.367117 0.370549 0.373963 0.377354 0.380716 0.384043 0.387337 0.390598 0.393823 0.397009 0.400161 0.403283 0.406375 0.409443 0.412503 0.415566 0.418627 0.421672
0.289170 0.186034 0.163709 0.162794 0.163903 0.165112 0.166409 0.167795 0.169289 0.170905 0.172609 0.174365 0.176166 0.178010 0.179892 0.181800 0.183727 0.185666 0.187618 0.189580 0.500000 0.500000 0.500000 0.500000 0.500000 0.500000 0.203764 0.205951 0.208165 0.210414 0.212699 0.215026 0.217426 0.219924 0.222495 0.225110 0.227757 0.230432 0.233119 0.235812 0.238534 0.241309 0.244105 0.246885 0.249644 0.252392 0.255128 0.257855 0.260587 0.263337 0.266094 0.268842 0.271570 0.274274 0.276960 0.279644 0.282358 0.285126 0.287929 0.290741 0.293561 0.296398 0.299264 0.302183 0.305211 0.308391 0.311683 0.315037 0.318432 0.321859 0.325306 0.328767 0.332254 0.335779 0.339320 0.500000 0.500000 0.500000 0.500000 0.500000 0.500000 0.363781 0.367205 0.370607 0.373987 0.377342 0.380665 0.383950 0.387208 0.390448 0.393659 0.396831 0.399965 0.403065 0.406131 0.409170 0.412210 0.415272 0.418339 0.421385
0.286709 0.182771 0.160322 0.159454 0.160621 0.161886 0.163236 0.164668 0.166211 0.167885 0.169649 0.171459 0.173311 0.175205 0.177135 0.179091 0.181062 0.183044 0.185033 0.187030 0.500000 0.500000 0.500000 0.500000 0.500000 0.500000 0.500000 0.203619 0.205862 0.208146 0.210469 0.212838 0.215294 0.217869 0.220529 0.223235 0.225976 0.228750 0.231535 0.234318 0.237134 0.240017 0.242924 0.245805 0.248658 0.251494 0.254311 0.257107 0.259903 0.262714 0.265528 0.268323 0.271091 0.273827 0.276535 0.279233 0.281960 0.284748 0.287571 0.290400 0.293234 0.296084 0.298960 0.301886 0.304928 0.308141 0.311474 0.314864 0.318291 0.321751 0.325228 0.328715 0.332229 0.335787 0.500000 0.500000 0.500000 0.500000 0.500000 0.500000 0.500000 0.363908 0.367317 0.370697 0.374052 0.377381 0.380673 0.383924 0.387151 0.390367 0.393559 0.396708 0.399818 0.402894 0.405936 0.408950 0.411971 0.415029 0.418097 0.421140
0.284297 0.179514 0.156888 0.156042 0.157265 0.158600 0.160027 0.161539 0.163153 0.164880 0.166688 0.168546 0.170444 0.172386 0.174361 0.176361 0.178377 0.180403 0.182436 0.184475 0.500000 0.500000 0.500000 0.500000 0.500000 0.500000 0.500000 0.201312 0.203574 0.205883 0.208242 0.210664 0.213183 0.215829 0.218572 0.221373 0.224221 0.227106 0.230009 0.232917 0.235850 0.238829 0.241821 0.244790 0.247729 0.250645 0.253537 0.256407 0.259268 0.262133 0.264992 0.267830 0.270639 0.273414 0.276160 0.278892 0.281639 0.284427 0.287242 0.290067 0.292903 0.295764 0.298660 0.301617 0.304691 0.307923 0.311276 0.314698 0.318163 0.321661 0.325180 0.328711 0.332265 0.335847 0.500000 0.500000 0.500000 0.500000 0.500000 0.500000 0.500000 0.364053 0.367454 0.370823 0.374163 0.377474 0.380747 0.383979 0.387182 0.390368 0.393525 0.396643 0.399723 0.402773 0.405796 0.408800 0.411811 0.414854 0.417907 0.420939
0.281836 0.176190 0.153377 0.152549 0.153833 0.155254 0.156780 0.158393 0.160090 0.161871 0.163719 0.165618 0.167561 0.169548 0.171570 0.173615 0.175676 0.177749 0.179831 0.181919 0.184012 0.500000 0.500000 0.500000 0.500000 0.500000 0.500000 0.199023 0.201288 0.203613 0.206003 0.208472 0.211054 0.213774 0.216606 0.219513 0.222479 0.225495 0.228537 0.231587 0.234646 0.237718 0.240786 0.243833 0.246850 0.249841 0.252805 0.255747 0.258674 0.261588 0.264487 0.267364 0.270214 0.273033 0.275825 0.278599 0.281370 0.284151 0.286941 0.289742 0.292566 0.295431 0.298349 0.301340 0.304448 0.307700 0.311073 0.314527 0.318037 0.321585 0.325157 0.328744 0.332342 0.335948 0.500000 0.500000 0.500000 0.500000 0.500000 0.500000 0.360789 0.364223 0.367622 0.370986 0.374318 0.377617 0.380878 0.384098 0.387283 0.390435 0.393552 0.396630 0.399676 0.402700 0.405706 0.408702 0.411705 0.414730 0.417762 0.420781
0.279230 0.172713 0.149752 0.148966 0.150329 0.151855 0.153496 0.155211 0.156991 0.158834 0.160731 0.162672 0.164659 0.166693 0.168762 0.170854 0.172963 0.175087 0.177223 0.179368 0.181520 0.500000 0.500000 0.500000 0.500000 0.500000 0.500000 0.196752 0.199002 0.201331 0.203738 0.206232 0.208864 0.211672 0.214618 0.217648 0.220748 0.223916 0.227113 0.230304 0.233482 0.236650 0.239800 0.242922 0.246013 0.249075 0.252110 0.255119 0.258105 0.261068 0.264009 0.266927 0.269819 0.272683 0.275519 0.278331 0.281124 0.283901 0.286667 0.289433 0.292229 0.295086 0.298010 0.301015 0.304144 0.307428 0.310841 0.314340 0.317903 0.321517 0.325155 0.328798 0.332439 0.336075 0.500000 0.500000 0.500000 0.500000 0.500000 0.500000 0.360988 0.364424 0.367824 0.371187 0.374514 0.377805 0.381055 0.384263 0.387428 0.390551 0.393630 0.396667 0.399676 0.402673 0.405658 0.408635 0.411623 0.414633 0.417653 0.420663
0.276484 0.169082 0.146009 0.145314 0.146789 0.148435 0.150189 0.151999 0.153859 0.155771 0.157727 0.159719 0.161751 0.163830 0.165943 0.168078 0.170236 0.172419 0.174620 0.176833 0.179051 0.500000 0.500000 0.500000 0.500000 0.500000 0.500000 0.500000 0.196761 0.199068 0.201456 0.203948 0.206620 0.209529 0.212618 0.215807 0.219070 0.222400 0.225747 0.229066 0.232356 0.235620 0.238855 0.242056 0.245219 0.248350 0.251450 0.254519 0.257561 0.260575 0.263563 0.266524 0.269458 0.272366 0.275242 0.278086 0.280897 0.283676 0.286428 0.289164 0.291923 0.294748 0.297646 0.300636 0.303774 0.307099 0.310576 0.314148 0.317786 0.321475 0.325182 0.328879 0.332560 0.500000 0.500000 0.500000 0.500000 0.500000 0.500000 0.500000 0.361220 0.364659 0.368060 0.371424 0.374749 0.378033 0.381273 0.384466 0.387613 0.390712 0.393761 0.396762 0.399735 0.402697 0.405649 0.408596 0.411562 0.414561 0.417578 0.420589
0.273628 0.165316 0.142168 0.141630 0.143263 0.145029 0.146876 0.148768 0.150705 0.152690 0.154716 0.156772 0.158856 0.160972 0.163116 0.165286 0.167495 0.169745 0.172028 0.174323 0.176618 0.500000 0.500000 0.500000 0.500000 0.500000 0.500000 0.500000 0.194621 0.196868 0.199182 0.201631 0.204331 0.207356 0.210630 0.214034 0.217496 0.220984 0.224458 0.227889 0.231278 0.234635 0.237957 0.241238 0.244474 0.247669 0.250827 0.253951 0.257046 0.260114 0.263153 0.266162 0.269140 0.272087 0.274998 0.277870 0.280700 0.283488 0.286237 0.288960 0.291684 0.294447 0.297271 0.300208 0.303339 0.306718 0.310291 0.313976 0.317717 0.321485 0.325253 0.328997 0.332715 0.500000 0.500000 0.500000 0.500000 0.500000 0.500000 0.500000 0.361487 0.364928 0.368332 0.371697 0.375022 0.378301 0.381531 0.384710 0.387839 0.390919 0.393948 0.396925 0.399865 0.402781 0.405682 0.408585 0.411522 0.414515 0.417541 0.420566
0.270616 0.161416 0.138272 0.137944 0.139755 0.141640 0.143570 0.145532 0.147538 0.149601 0.151706 0.153834 0.155975 0.158128 0.160294 0.162488 0.164741 0.167074 0.169457 0.171850 0.174228 0.176584 0.500000 0.500000 0.500000 0.500000 0.500000 0.500000 0.500000 0.194767 0.196958 0.199287 0.201971 0.205157 0.208694 0.212361 0.216035 0.219675 0.223261 0.226786 0.230264 0.233710 0.237119 0.240477 0.243783 0.247038 0.250248 0.253420 0.256563 0.259686 0.262782 0.265843 0.268866 0.271852 0.274796 0.277694 0.280545 0.283349 0.286105 0.288821 0.291514 0.294201 0.296914 0.299738 0.302829 0.306292 0.310019 0.313853 0.317707 0.321554 0.325376 0.329159 0.500000 0.500000 0.500000 0.500000 0.500000 0.500000 0.500000 0.358308 0.361790 0.365235 0.368643 0.372013 0.375337 0.378611 0.381832 0.384999 0.388114 0.391181 0.394195 0.397155 0.400064 0.402930 0.405764 0.408598 0.411494 0.414492 0.417549 0.420602
0.267518 0.157509 0.134449 0.134332 0.136292 0.138286 0.140297 0.142316 0.144380 0.146523 0.148715 0.150914 0.153112 0.155312 0.157508 0.159717 0.162008 0.164437 0.166938 0.169431 0.171894 0.174326 0.500000 0.500000 0.500000 0.500000 0.500000 0.500000 0.500000 0.192835 0.194908 0.197044 0.199653 0.203058 0.206930 0.210859 0.214714 0.218490 0.222180 0.225784 0.229335 0.232867 0.236360 0.239790 0.243157 0.246468 0.249726 0.252937 0.256123 0.259302 0.262458 0.265571 0.268639 0.271665 0.274643 0.277569 0.280446 0.283274 0.286045 0.288757 0.291425 0.294059 0.296662 0.299324 0.302334 0.305922 0.309854 0.313836 0.317783 0.321698 0.325568 0.329380 0.500000 0.500000 0.500000 0.500000 0.500000 0.500000 0.500000 0.358651 0.362133 0.365584 0.369001 0.372375 0.375698 0.378967 0.382180 0.385339 0.388447 0.391506 0.394510 0.397453 0.400335 0.403156 0.405920 0.408666 0.411505 0.414524 0.417632 0.420718
0.264798 0.154015 0.130935 0.130923 0.132963 0.135029 0.137104 0.139175 0.141293 0.143506 0.145771 0.148036 0.150295 0.152554 0.154803 0.157053 0.159398 0.161916 0.164518 0.167101 0.169645 0.172159 0.500000 0.500000 0.500000 0.500000 0.500000 0.500000 0.500000 0.191188 0.193247 0.195309 0.197901 0.201468 0.205560 0.209649 0.213616 0.217488 0.221260 0.224930 0.228544 0.232146 0.235709 0.239198 0.242618 0.245980 0.249285 0.252537 0.255764 0.258993 0.262201 0.265360 0.268470 0.271536 0.274551 0.277511 0.280420 0.283281 0.286079 0.288807 0.291482 0.294113 0.296681 0.299264 0.302234 0.305906 0.309959 0.314017 0.318009 0.321959 0.325857 0.329686 0.500000 0.500000 0.500000 0.500000 0.500000 0.500000 0.500000 0.359049 0.362534 0.365990 0.369411 0.372785 0.376107 0.379372 0.382580 0.385736 0.388841 0.391896 0.394893 0.397825 0.400690 0.403487 0.406211 0.408901 0.411697 0.414720 0.417849 0.420943
0.262865 0.151265 0.127886 0.127798 0.129831 0.131912 0.134022 0.136149 0.138326 0.140585 0.142895 0.145216 0.147541 0.149873 0.152207 0.154557 0.156993 0.159572 0.162228 0.164878 0.167501 0.170099 0.172659 0.500000 0.500000 0.500000 0.500000 0.500000 0.500000 0.500000 0.192123 0.194407 0.197162 0.200714 0.204734 0.208807 0.212801 0.216711 0.220531 0.224258 0.227929 0.231575 0.235179 0.238715 0.242183 0.245591 0.248942 0.252243 0.255517 0.258783 0.262023 0.265219 0.268368 0.271472 0.274527 0.277528 0.280478 0.283380 0.286223 0.289001 0.291730 0.294423 0.297082 0.299796 0.302853 0.306481 0.310444 0.314454 0.318427 0.322367 0.326262 0.500000 0.500000 0.500000 0.500000 0.500000 0.500000 0.500000 0.355983 0.359514 0.363004 0.366460 0.369877 0.373246 0.376564 0.379828 0.383037 0.386194 0.389299 0.392352 0.395346 0.398276 0.401142 0.403941 0.406679 0.409392 0.412194 0.415173 0.418242 0.421292
0.261298 0.148915 0.125135 0.124868 0.126828 0.128887 0.131014 0.133190 0.135422 0.137717 0.140062 0.142436 0.144832 0.147250 0.149689 0.152162 0.154705 0.157340 0.160035 0.162742 0.165442 0.168129 0.170795 0.500000 0.500000 0.500000 0.500000 0.500000 0.500000 0.500000 0.191393 0.194017 0.196995 0.200476 0.204308 0.208263 0.212216 0.216123 0.219965 0.223736 0.227451 0.231127 0.234757 0.238329 0.241839 0.245290 0.248686 0.252038 0.255357 0.258652 0.261917 0.265142 0.268326 0.271469 0.274567 0.277613 0.280612 0.283563 0.286463 0.289313 0.292131 0.294936 0.297760 0.300690 0.303874 0.307415 0.311205 0.315091 0.318996 0.322895 0.326768 0.500000 0.500000 0.500000 0.500000 0.500000 0.500000 0.500000 0.356499 0.360037 0.363533 0.366987 0.370396 0.373758 0.377072 0.380338 0.383553 0.386715 0.389823 0.392876 0.395871 0.398806 0.401683 0.404505 0.407285 0.410058 0.412883 0.415801 0.418776 0.421750
0.259625 0.146536 0.122441 0.121998 0.123858 0.125885 0.128024 0.130234 0.132509 0.134847 0.137238 0.139669 0.142140 0.144653 0.147202 0.149788 0.152431 0.155140 0.157893 0.160664 0.163442 0.166226 0.169003 0.500000 0.500000 0.500000 0.500000 0.500000 0.500000 0.500000 0.190842 0.193737 0.196880 0.200348 0.204064 0.207903 0.211784 0.215671 0.219524 0.223318 0.227060 0.230762 0.234419 0.238022 0.241568 0.245059 0.248499 0.251893 0.255251 0.258579 0.261871 0.265122 0.268338 0.271521 0.274665 0.277761 0.280811 0.283819 0.286782 0.289708 0.292624 0.295565 0.298557 0.301650 0.304921 0.308416 0.312082 0.315844 0.319659 0.323505 0.327351 0.500000 0.500000 0.500000 0.500000 0.500000 0.500000 0.500000 0.357063 0.360607 0.364106 0.367558 0.370963 0.374321 0.377633 0.380904 0.384126 0.387296 0.390411 0.393469 0.396469 0.399411 0.402302 0.405154 0.407977 0.410790 0.413624 0.416499 0.419397 0.422293
0.257779 0.144001 0.119670 0.119109 0.120888 0.122881 0.125020 0.127249 0.129559 0.131946 0.134397 0.136900 0.139456 0.142066 0.144720 0.147411 0.150151 0.152948 0.155783 0.158633 0.161497 0.164379 0.167264 0.170138 0.500000 0.500000 0.500000 0.500000 0.500000 0.500000 0.500000 0.193441 0.196706 0.200207 0.203886 0.207655 0.211477 0.215337 0.219186 0.222988 0.226746 0.230471 0.234155 0.237788 0.241366 0.244892 0.248368 0.251798 0.255192 0.258553 0.261878 0.265161 0.268410 0.271635 0.274824 0.277968 0.281071 0.284139 0.287172 0.290179 0.293194 0.296260 0.299383 0.302583 0.305906 0.309387 0.312988 0.316662 0.320396 0.324187 0.500000 0.500000 0.500000 0.500000 0.500000 0.500000 0.500000 0.354078 0.357671 0.361218 0.364719 0.368172 0.371578 0.374937 0.378254 0.381531 0.384761 0.387940 0.391063 0.394130 0.397139 0.400091 0.402997 0.405873 0.408721 0.411552 0.414384 0.417228 0.420074 0.422907
0.255804 0.141305 0.116772 0.116159 0.117905 0.119864 0.121981 0.124215 0.126557 0.129000 0.131527 0.134120 0.136773 0.139481 0.142234 0.145026 0.147866 0.150762 0.153696 0.156646 0.159609 0.162587 0.165568 0.168549 0.500000 0.500000 0.500000 0.500000 0.500000 0.500000 0.500000 0.193129 0.196502 0.200051 0.203732 0.207485 0.211283 0.215114 0.218943 0.222741 0.226508 0.230252 0.233963 0.237626 0.241235 0.244788 0.248290 0.251749 0.255175 0.258572 0.261937 0.265263 0.268554 0.271816 0.275043 0.278230 0.281385 0.284517 0.287629 0.290728 0.293841 0.297001 0.300211 0.303481 0.306844 0.310321 0.313890 0.317520 0.321203 0.324937 0.500000 0.500000 0.500000 0.500000 0.500000 0.500000 0.500000 0.354723 0.358319 0.361869 0.365373 0.368830 0.372242 0.375611 0.378938 0.382223 0.385461 0.388648 0.391781 0.394858 0.397879 0.400847 0.403769 0.406655 0.409510 0.412341 0.415163 0.417983 0.420795 0.423590
0.253647 0.138401 0.113709 0.113097 0.114849 0.116791 0.118886 0.121117 0.123488 0.126000 0.128622 0.131321 0.134077 0.136883 0.139733 0.142623 0.145567 0.148571 0.151619 0.154685 0.157759 0.160836 0.163910 0.166990 0.500000 0.500000 0.500000 0.500000 0.500000 0.500000 0.500000 0.500000 0.196263 0.199871 0.203585 0.207356 0.211156 0.214970 0.218777 0.222562 0.226332 0.230095 0.233836 0.237532 0.241169 0.244744 0.248264 0.251743 0.255196 0.258633 0.262046 0.265424 0.268762 0.272060 0.275319 0.278540 0.281743 0.284943 0.288138 0.291329 0.294529 0.297758 0.301026 0.304344 0.307736 0.311218 0.314776 0.318389 0.322044 0.500000 0.500000 0.500000 0.500000 0.500000 0.500000 0.500000 0.500000 0.355416 0.359012 0.362562 0.366070 0.369536 0.372961 0.376343 0.379682 0.382976 0.386222 0.389417 0.392559 0.395648 0.398684 0.401668 0.404603 0.407490 0.410338 0.413158 0.415964 0.418768 0.421560 0.424331
0.251280 0.135275 0.110471 0.109895 0.111676 0.113631 0.115730 0.117961 0.120362 0.122958 0.125693 0.128500 0.131359 0.134264 0.137210 0.140198 0.143246 0.146368 0.149541 0.152734 0.155931 0.159120 0.162297 0.165475 0.168709 0.500000 0.500000 0.500000 0.500000 0.500000 0.500000 0.500000 0.195988 0.199668 0.203441 0.207248 0.211064 0.214879 0.218676 0.222448 0.226216 0.230000 0.233773 0.237500 0.241164 0.244759 0.248293 0.251784 0.255259 0.258739 0.262208 0.265640 0.269025 0.272362 0.275651 0.278901 0.282145 0.285412 0.288689 0.291957 0.295226 0.298512 0.301825 0.305174 0.308586 0.312080 0.315642 0.319249 0.322887 0.500000 0.500000 0.500000 0.500000 0.500000 0.500000 0.500000 0.352512 0.356159 0.359757 0.363307 0.366817 0.370296 0.373737 0.377132 0.380481 0.383786 0.387042 0.390245 0.393396 0.396498 0.399548 0.402546 0.405488 0.408373 0.411209 0.414010 0.416799 0.419593 0.422375 0.425125
0.248827 0.132027 0.107102 0.106564 0.108391 0.110390 0.112529 0.114797 0.117247 0.119929 0.122764 0.125668 0.128621 0.131622 0.134668 0.137759 0.140918 0.144162 0.147465 0.150792 0.154124 0.157447 0.160753 0.164055 0.167422 0.500000 0.500000 0.500000 0.500000 0.500000 0.500000 0.500000 0.500000 0.199493 0.203324 0.207170 0.211012 0.214842 0.218646 0.222418 0.226190 0.229991 0.233787 0.237536 0.241222 0.244837 0.248389 0.251896 0.255395 0.258916 0.262433 0.265914 0.269345 0.272724 0.276050 0.279336 0.282623 0.285947 0.289287 0.292614 0.295934 0.299265 0.302613 0.305987 0.309416 0.312925 0.316496 0.320104 0.500000 0.500000 0.500000 0.500000 0.500000 0.500000 0.500000 0.500000 0.353311 0.356962 0.360565 0.364115 0.367630 0.371121 0.374577 0.377983 0.381341 0.384657 0.387923 0.391134 0.394294 0.397407 0.400469 0.403475 0.406421 0.409305 0.412134 0.414923 0.417698 0.420482 0.423250 0.425976
0.246403 0.128746 0.103635 0.103119 0.105004 0.107075 0.109299 0.111666 0.114209 0.116958 0.119853 0.122828 0.125865 0.128959 0.132109 0.135315 0.138596 0.141963 0.145395 0.148860 0.152341 0.155823 0.159297 0.162774 0.166304 0.500000 0.500000 0.500000 0.500000 0.500000 0.500000 0.500000 0.500000 0.199392 0.203261 0.207140 0.211012 0.214867 0.218694 0.222492 0.226284 0.230091 0.233889 0.237646 0.241345 0.244981 0.248560 0.252099 0.255633 0.259183 0.262732 0.266250 0.269723 0.273148 0.276524 0.279865 0.283203 0.286567 0.289941 0.293306 0.296663 0.300025 0.303400 0.306799 0.310248 0.313769 0.317347 0.320962 0.500000 0.500000 0.500000 0.500000 0.500000 0.500000 0.500000 0.500000 0.354176 0.357830 0.361438 0.364998 0.368521 0.372019 0.375482 0.378900 0.382268 0.385591 0.388865 0.392086 0.395257 0.398378 0.401446 0.404455 0.407404 0.410292 0.413125 0.415917 0.418687 0.421452 0.424193 0.426891
0.243875 0.125323 0.100018 0.099528 0.101491 0.103666 0.106016 0.108521 0.111182 0.114000 0.116941 0.119971 0.123080 0.126266 0.129523 0.132847 0.136254 0.139753 0.143322 0.146935 0.150578 0.154241 0.157911 0.161587 0.165293 0.169046 0.500000 0.500000 0.500000 0.500000 0.500000 0.500000 0.500000 0.500000 0.203243 0.207155 0.211060 0.214949 0.218810 0.222645 0.226465 0.230279 0.234073 0.237828 0.241535 0.245190 0.248798 0.252375 0.255944 0.259522 0.263095 0.266645 0.270158 0.273631 0.277065 0.280468 0.283858 0.287251 0.290645 0.294030 0.297409 0.300788 0.304180 0.307599 0.311068 0.314603 0.318193 0.500000 0.500000 0.500000 0.500000 0.500000 0.500000 0.500000 0.500000 0.351411 0.355100 0.358756 0.362372 0.365944 0.369478 0.372981 0.376450 0.379877 0.383258 0.386589 0.389870 0.393101 0.396282 0.399408 0.402479 0.405490 0.408442 0.411336 0.414179 0.416979 0.419747 0.422490 0.425201 0.427867
0.241107 0.121638 0.096185 0.095760 0.097829 0.100145 0.102650 0.105304 0.108090 0.110999 0.114005 0.117092 0.120266 0.123542 0.126902 0.130337 0.133869 0.137514 0.141243 0.145019 0.148837 0.152699 0.156575 0.160446 0.164320 0.168208 0.500000 0.500000 0.500000 0.500000 0.500000 0.500000 0.500000 0.500000 0.203254 0.207204 0.211148 0.215077 0.218980 0.222852 0.226700 0.230529 0.234327 0.238081 0.241792 0.245464 0.249097 0.252702 0.256300 0.259908 0.263512 0.267094 0.270647 0.274171 0.277663 0.281121 0.284556 0.287979 0.291390 0.294784 0.298168 0.301552 0.304949 0.308375 0.311858 0.315415 0.319030 0.500000 0.500000 0.500000 0.500000 0.500000 0.500000 0.500000 0.500000 0.352392 0.356074 0.359732 0.363356 0.366940 0.370485 0.373997 0.377473 0.380910 0.384301 0.387643 0.390935 0.394176 0.397363 0.400494 0.403567 0.406582 0.409538 0.412440 0.415289 0.418094 0.420857 0.423582 0.426265 0.428901
0.238116 0.117687 0.092126 0.091820 0.094041 0.096523 0.099194 0.101998 0.104917 0.107938 0.111040 0.114206 0.117455 0.120811 0.124258 0.127789 0.131445 0.135252 0.139167 0.143137 0.147154 0.151220 0.155294 0.159346 0.163381 0.167409 0.500000 0.500000 0.500000 0.500000 0.500000 0.500000 0.500000 0.500000 0.500000 0.207288 0.211279 0.215254 0.219200 0.223109 0.226987 0.230837 0.234648 0.238408 0.242124 0.245806 0.249453 0.253073 0.256694 0.260336 0.263980 0.267604 0.271202 0.274778 0.278321 0.281825 0.285297 0.288746 0.292171 0.295567 0.298946 0.302323 0.305711 0.309135 0.312628 0.316213 0.500000 0.500000 0.500000 0.500000 0.500000 0.500000 0.500000 0.500000 0.500000 0.353421 0.357099 0.360757 0.364386 0.367977 0.371532 0.375055 0.378543 0.381992 0.385396 0.388751 0.392054 0.395304 0.398498 0.401632 0.404708 0.407727 0.410690 0.413599 0.416457 0.419264 0.422020 0.424728 0.427385 0.429987
0.234943 0.113500 0.087856 0.087736 0.090161 0.092822 0.095653 0.098606 0.101666 0.104823 0.108055 0.111341 0.114687 0.118108 0.121607 0.125211 0.128986 0.132972 0.137111 0.141325 0.145572 0.149836 0.154087 0.158303 0.162488 0.166653 0.170792 0.500000 0.500000 0.500000 0.500000 0.500000 0.500000 0.500000 0.500000 0.500000 0.211458 0.215482 0.219472 0.223421 0.227332 0.231208 0.235039 0.238816 0.242542 0.246224 0.249867 0.253491 0.257131 0.260808 0.264503 0.268184 0.271838 0.275462 0.279047 0.282589 0.286091 0.289558 0.292989 0.296385 0.299755 0.303112 0.306478 0.309888 0.313388 0.500000 0.500000 0.500000 0.500000 0.500000 0.500000 0.500000 0.500000 0.500000 0.350795 0.354500 0.358178 0.361834 0.365461 0.369053 0.372614 0.376149 0.379653 0.383120 0.386540 0.389909 0.393225 0.396484 0.399683 0.402820 0.405898 0.408921 0.411891 0.414811 0.417680 0.420494 0.423247 0.425934 0.428558 0.431124
0.231515 0.109049 0.083401 0.083530 0.086191 0.089042 0.092035 0.095137 0.098347 0.101664 0.105057 0.108494 0.111959 0.115449 0.118977 0.122609 0.126481 0.130682 0.135105 0.139602 0.144092 0.148551 0.152965 0.157328 0.161652 0.165950 0.170215 0.500000 0.500000 0.500000 0.500000 0.500000 0.500000 0.500000 0.500000 0.500000 0.211687 0.215762 0.219797 0.223786 0.227733 0.231641 0.235501 0.239303 0.243042 0.246720 0.250347 0.253956 0.257603 0.261327 0.265090 0.268839 0.272551 0.276219 0.279842 0.283416 0.286940 0.290417 0.293849 0.297241 0.300599 0.303932 0.307263 0.310636 0.314128 0.500000 0.500000 0.500000 0.500000 0.500000 0.500000 0.500000 0.500000 0.500000 0.351910 0.355624 0.359307 0.362961 0.366582 0.370169 0.373732 0.377281 0.380807 0.384294 0.387732 0.391116 0.394444 0.397714 0.400919 0.404058 0.407135 0.410159 0.413136 0.416068 0.418954 0.421782 0.424533 0.427195 0.429781 0.432309
0.227874 0.104435 0.078874 0.079270 0.082152 0.085195 0.088360 0.091617 0.094986 0.098486 0.102068 0.105674 0.109281 0.112875 0.116448 0.120073 0.124012 0.128473 0.133233 0.138013 0.142729 0.147375 0.151945 0.156439 0.160887 0.165314 0.169704 0.174039 0.500000 0.500000 0.500000 0.500000 0.500000 0.500000 0.500000 0.500000 0.500000 0.216098 0.220177 0.224206 0.228191 0.232140 0.236038 0.239868 0.243626 0.247308 0.250920 0.254496 0.258137 0.261920 0.265768 0.269583 0.273341 0.277048 0.280703 0.284302 0.287843 0.291327 0.294758 0.298143 0.301491 0.304808 0.308101 0.311415 0.500000 0.500000 0.500000 0.500000 0.500000 0.500000 0.500000 0.500000 0.500000 0.349306 0.353069 0.356795 0.360484 0.364140 0.367757 0.371336 0.374899 0.378465 0.382015 0.385522 0.388974 0.392368 0.395707 0.398990 0.402204 0.405342 0.408415 0.411439 0.414420 0.417362 0.420263 0.423110 0.425865 0.428500 0.431045 0.433535
0.224484 0.100072 0.074499 0.075071 0.078120 0.081334 0.084672 0.088098 0.091644 0.095341 0.099125 0.102920 0.106705 0.110463 0.114166 0.117876 0.121933 0.126623 0.131643 0.136640 0.141535 0.146342 0.151054 0.155672 0.160235 0.164779 0.169282 0.173720 0.500000 0.500000 0.500000 0.500000 0.500000 0.500000 0.500000 0.500000 0.500000 0.500000 0.220628 0.224701 0.228728 0.232720 0.236658 0.240522 0.244308 0.248014 0.251637 0.255209 0.258856 0.262684 0.266587 0.270442 0.274228 0.277959 0.281635 0.285251 0.288804 0.292293 0.295726 0.299111 0.302458 0.305775 0.309058 0.500000 0.500000 0.500000 0.500000 0.500000 0.500000 0.500000 0.500000 0.500000 0.500000 0.350499 0.354280 0.358019 0.361718 0.365381 0.369002 0.372581 0.376146 0.379724 0.383289 0.386807 0.390266 0.393665 0.397010 0.400301 0.403523 0.406661 0.409732 0.412756 0.415739 0.418684 0.421589 0.424442 0.427195 0.429810 0.432327 0.434791
0.221756 0.096286 0.070420 0.071001 0.074149 0.077497 0.080999 0.084619 0.088371 0.092267 0.096252 0.100262 0.104272 0.108267 0.112234 0.116241 0.120545 0.125352 0.130440 0.135536 0.140550 0.145478 0.150313 0.155053 0.159731 0.164374 0.168969 0.173499 0.177967 0.500000 0.500000 0.500000 0.500000 0.500000 0.500000 0.500000 0.500000 0.500000 0.500000 0.225286 0.229362 0.233395 0.237369 0.241273 0.245102 0.248855 0.252534 0.256172 0.259867 0.263696 0.267584 0.271436 0.275228 0.278965 0.282645 0.286264 0.289822 0.293319 0.296760 0.300156 0.303518 0.306855 0.500000 0.500000 0.500000 0.500000 0.500000 0.500000 0.500000 0.500000 0.500000 0.500000 0.347946 0.351759 0.355551 0.359303 0.363016 0.366694 0.370330 0.373925 0.377502 0.381079 0.384638 0.388152 0.391609 0.395008 0.398352 0.401640 0.404861 0.408005 0.411083 0.414110 0.417093 0.420032 0.422924 0.425754 0.428488 0.431099 0.433615 0.436071
0.219238 0.092706 0.066456 0.066963 0.070165 0.073634 0.077309 0.081140 0.085115 0.089228 0.093433 0.097681 0.101955 0.106251 0.110567 0.114960 0.119559 0.124451 0.129533 0.134658 0.139746 0.144770 0.149712 0.154569 0.159355 0.164087 0.168762 0.173373 0.177923 0.500000 0.500000 0.500000 0.500000 0.500000 0.500000 0.500000 0.500000 0.500000 0.500000 0.500000 0.230083 0.234159 0.238172 0.242120 0.246001 0.249818 0.253579 0.257311 0.261067 0.264882 0.268724 0.272547 0.276326 0.280054 0.283727 0.287342 0.290899 0.294401 0.297853 0.301265 0.304649 0.500000 0.500000 0.500000 0.500000 0.500000 0.500000 0.500000 0.500000 0.500000 0.500000 0.500000 0.349251 0.353077 0.356877 0.360643 0.364374 0.368073 0.371733 0.375352 0.378943 0.382515 0.386058 0.389558 0.393005 0.396399 0.399737 0.403017 0.406233 0.409384 0.412473 0.415507 0.418488 0.421415 0.424282 0.427078 0.429787 0.432398 0.434924 0.437381
0.216436 0.088886 0.062360 0.062826 0.066081 0.069693 0.073562 0.077610 0.081819 0.086181 0.090645 0.095160 0.099727 0.104362 0.109044 0.113783 0.118640 0.123658 0.128785 0.133942 0.139084 0.144193 0.149238 0.154197 0.159079 0.163896 0.168649 0.173334 0.177960 0.500000 0.500000 0.500000 0.500000 0.500000 0.500000 0.500000 0.500000 0.500000 0.500000 0.500000 0.500000 0.235001 0.239062 0.243057 0.246995 0.250884 0.254727 0.258533 0.262333 0.266148 0.269961 0.273750 0.277502 0.281214 0.284876 0.288481 0.292033 0.295536 0.298995 0.302419 0.500000 0.500000 0.500000 0.500000 0.500000 0.500000 0.500000 0.500000 0.500000 0.500000 0.500000 0.500000 0.350596 0.354437 0.358250 0.362033 0.365786 0.369510 0.373197 0.376838 0.380441 0.384012 0.387545 0.391029 0.394462 0.397846 0.401175 0.404445 0.407656 0.410813 0.413912 0.416952 0.419930 0.422843 0.425685 0.428452 0.431141 0.433748 0.436278 0.438735
0.213306 0.084717 0.058015 0.058537 0.061904 0.065682 0.069751 0.074017 0.078473 0.083121 0.087895 0.092729 0.097623 0.102601 0.107618 0.112647 0.117732 0.122907 0.128133 0.133357 0.138564 0.143752 0.148884 0.153930 0.158896 0.163794 0.168624 0.173383 0.178079 0.182726 0.500000 0.500000 0.500000 0.500000 0.500000 0.500000 0.500000 0.500000 0.500000 0.500000 0.500000 0.500000 0.240035 0.244090 0.248089 0.252046 0.255955 0.259815 0.263649 0.267473 0.271275 0.275038 0.278761 0.282450 0.286091 0.289678 0.293217 0.296717 0.300182 0.500000 0.500000 0.500000 0.500000 0.500000 0.500000 0.500000 0.500000 0.500000 0.500000 0.500000 0.500000 0.348090 0.351974 0.355834 0.359668 0.363474 0.367254 0.371006 0.374717 0.378379 0.381993 0.385567 0.389095 0.392568 0.395988 0.399359 0.402677 0.405937 0.409143 0.412301 0.415405 0.418447 0.421421 0.424319 0.427141 0.429889 0.432562 0.435161 0.437687 0.440141
0.209907 0.080207 0.053387 0.054090 0.057668 0.061631 0.065881 0.070360 0.075083 0.080057 0.085204 0.090431 0.095697 0.100996 0.106293 0.111575 0.116873 0.122213 0.127568 0.132900 0.138197 0.143457 0.148654 0.153769 0.158807 0.163781 0.168688 0.173522 0.178287 0.182993 0.187647 0.500000 0.500000 0.500000 0.500000 0.500000 0.500000 0.500000 0.500000 0.500000 0.500000 0.500000 0.500000 0.245221 0.249290 0.253305 0.257263 0.261165 0.265027 0.268863 0.272662 0.276412 0.280112 0.283767 0.287373 0.290929 0.294448 0.297942 0.500000 0.500000 0.500000 0.500000 0.500000 0.500000 0.500000 0.500000 0.500000 0.500000 0.500000 0.500000 0.345564 0.349478 0.353381 0.357266 0.361131 0.364971 0.368782 0.372560 0.376294 0.379975 0.383603 0.387182 0.390708 0.394176 0.397587 0.400946 0.404251 0.407501 0.410701 0.413855 0.416956 0.419993 0.422959 0.425847 0.428655 0.431388 0.434048 0.436637 0.439157 0.441606
0.206116 0.075269 0.048442 0.049446 0.053322 0.057520 0.061962 0.066638 0.071631 0.076996 0.082600 0.088275 0.093929 0.099533 0.105080 0.110581 0.116075 0.121588 0.127095 0.132559 0.137962 0.143296 0.148549 0.153718 0.158817 0.163864 0.168849 0.173757 0.178585 0.183339 0.188030 0.500000 0.500000 0.500000 0.500000 0.500000 0.500000 0.500000 0.500000 0.500000 0.500000 0.500000 0.500000 0.500000 0.500000 0.254655 0.258653 0.262586 0.266471 0.270320 0.274123 0.277868 0.281549 0.285168 0.288727 0.292238 0.500000 0.500000 0.500000 0.500000 0.500000 0.500000 0.500000 0.500000 0.500000 0.500000 0.500000 0.500000 0.500000 0.500000 0.346973 0.350895 0.354816 0.358735 0.362641 0.366522 0.370367 0.374172 0.377928 0.381629 0.385272 0.388857 0.392383 0.395848 0.399255 0.402603 0.405895 0.409134 0.412325 0.415472 0.418567 0.421598 0.424555 0.427432 0.430230 0.432952 0.435602 0.438182 0.440693 0.443136
0.201907 0.069924 0.043222 0.044612 0.048849 0.053369 0.058071 0.062945 0.068207 0.074036 0.080169 0.086298 0.092316 0.098215 0.103999 0.109692 0.115360 0.121054 0.126731 0.132334 0.137846 0.143266 0.148582 0.153796 0.158946 0.164067 0.169130 0.174103 0.178981 0.183775 0.188493 0.193159 0.500000 0.500000 0.500000 0.500000 0.500000 0.500000 0.500000 0.500000 0.500000 0.500000 0.500000 0.500000 0.500000 0.500000 0.500000 0.264082 0.267985 0.271849 0.275662 0.279404 0.283068 0.286657 0.500000 0.500000 0.500000 0.500000 0.500000 0.500000 0.500000 0.500000 0.500000 0.500000 0.500000 0.500000 0.500000 0.500000 0.500000 0.344472 0.348411 0.352345 0.356288 0.360251 0.364207 0.368129 0.372007 0.375839 0.379620 0.383342 0.387001 0.390593 0.394119 0.397583 0.400986 0.404328 0.407609 0.410832 0.414010 0.417151 0.420242 0.423267 0.426216 0.429082 0.431869 0.434582 0.437225 0.439796 0.442299 0.444733
0.197673 0.064510 0.037896 0.039678 0.044333 0.049278 0.054374 0.059588 0.065206 0.071487 0.078078 0.084587 0.090920 0.097088 0.103100 0.108981 0.114818 0.120682 0.126518 0.132253 0.137875 0.143390 0.148783 0.154056 0.159260 0.164442 0.169563 0.174580 0.179494 0.184319 0.189064 0.193754 0.500000 0.500000 0.500000 0.500000 0.500000 0.500000 0.500000 0.500000 0.500000 0.500000 0.500000 0.500000 0.500000 0.500000 0.500000 0.500000 0.500000 0.500000 0.500000 0.500000 0.500000 0.500000 0.500000 0.500000 0.500000 0.500000 0.500000 0.500000 0.500000 0.500000 0.500000 0.500000 0.500000 0.500000 0.500000 0.500000 0.500000 0.345915 0.349889 0.353856 0.357835 0.361845 0.365848 0.369807 0.373714 0.377571 0.381375 0.385117 0.388790 0.392389 0.395918 0.399382 0.402783 0.406119 0.409392 0.412604 0.415770 0.418901 0.421984 0.425001 0.427941 0.430795 0.433572 0.436277 0.438913 0.441476 0.443970 0.446396
0.193765 0.059292 0.032575 0.034707 0.039845 0.045330 0.051012 0.056840 0.062988 0.069618 0.076464 0.083225 0.089805 0.096204 0.102431 0.108515 0.114530 0.120535 0.126492 0.132345 0.138079 0.143694 0.149182 0.154544 0.159816 0.165034 0.170173 0.175205 0.180135 0.184982 0.189760 0.194500 0.199268 0.500000 0.500000 0.500000 0.500000 0.500000 0.500000 0.500000 0.500000 0.500000 0.500000 0.500000 0.500000 0.500000 0.500000 0.500000 0.500000 0.500000 0.500000 0.500000 0.500000 0.500000 0.500000 0.500000 0.500000 0.500000 0.500000 0.500000 0.500000 0.500000 0.500000 0.500000 0.500000 0.500000 0.500000 0.500000 0.343349 0.347382 0.351420 0.355454 0.359493 0.363544 0.367578 0.371564 0.375496 0.379376 0.383198 0.386955 0.390640 0.394246 0.397779 0.401244 0.404644 0.407978 0.411247 0.414457 0.417616 0.420733 0.423799 0.426800 0.429727 0.432572 0.435340 0.438035 0.440661 0.443216 0.445702 0.448119
0.189708 0.053898 0.027102 0.029626 0.035333 0.041513 0.047963 0.054554 0.061305 0.068256 0.075277 0.082209 0.088978 0.095573 0.101995 0.108270 0.114452 0.120586 0.126653 0.132615 0.138459 0.144183 0.149777 0.155238 0.160580 0.165820 0.170953 0.175974 0.180900 0.185757 0.190564 0.195353 0.200175 0.500000 0.500000 0.500000 0.500000 0.500000 0.500000 0.500000 0.500000 0.500000 0.500000 0.500000 0.500000 0.500000 0.500000 0.500000 0.500000 0.500000 0.500000 0.500000 0.500000 0.500000 0.500000 0.500000 0.500000 0.500000 0.500000 0.500000 0.500000 0.500000 0.500000 0.500000 0.500000 0.500000 0.500000 0.500000 0.344763 0.348876 0.353006 0.357130 0.361239 0.365331 0.369390 0.373399 0.377353 0.381251 0.385090 0.388860 0.392554 0.396166 0.399703 0.403170 0.406570 0.409903 0.413174 0.416384 0.419539 0.422640 0.425686 0.428668 0.431580 0.434414 0.437172 0.439857 0.442472 0.445019 0.447497 0.449904
0.185032 0.047945 0.021334 0.024426 0.030832 0.037884 0.045226 0.052568 0.059879 0.067192 0.074438 0.081529 0.088445 0.095204 0.101791 0.108214 0.114533 0.120800 0.126991 0.133068 0.139024 0.144865 0.150568 0.156114 0.161513 0.166776 0.171901 0.176894 0.181792 0.186643 0.191458 0.196264 0.201118 0.206060 0.500000 0.500000 0.500000 0.500000 0.500000 0.500000 0.500000 0.500000 0.500000 0.500000 0.500000 0.500000 0.500000 0.500000 0.500000 0.500000 0.500000 0.500000 0.500000 0.500000 0.500000 0.500000 0.500000 0.500000 0.500000 0.500000 0.500000 0.500000 0.500000 0.500000 0.500000 0.500000 0.500000 0.342049 0.346194 0.350413 0.354653 0.358869 0.363047 0.367183 0.371272 0.375305 0.379281 0.383198 0.387052 0.390834 0.394536 0.398154 0.401692 0.405159 0.408560 0.411897 0.415169 0.418378 0.421526 0.424615 0.427644 0.430609 0.433505 0.436325 0.439070 0.441744 0.444350 0.446888 0.449357 0.451757
0.179838 0.041499 0.015368 0.019381 0.026738 0.034748 0.042942 0.050945 0.058750 0.066435 0.073949 0.081222 0.088275 0.095156 0.101850 0.108366 0.114788 0.121185 0.127521 0.133735 0.139818 0.145777 0.151575 0.157189 0.162630 0.167914 0.173037 0.178002 0.182858 0.187669 0.192447 0.197227 0.202093 0.207101 0.212198 0.500000 0.500000 0.500000 0.500000 0.500000 0.500000 0.500000 0.500000 0.500000 0.500000 0.500000 0.500000 0.500000 0.500000 0.500000 0.500000 0.500000 0.500000 0.500000 0.500000 0.500000 0.500000 0.500000 0.500000 0.500000 0.500000 0.500000 0.500000 0.500000 0.500000 0.500000 0.339271 0.343444 0.347702 0.352039 0.356385 0.360681 0.364917 0.369099 0.373223 0.377285 0.381284 0.385221 0.389089 0.392882 0.396590 0.400210 0.403749 0.407217 0.410620 0.413959 0.417233 0.420439 0.423579 0.426658 0.429673 0.432621 0.435498 0.438303 0.441034 0.443697 0.446293 0.448824 0.451288 0.453682
0.174296 0.034745 0.009450 0.014896 0.023543 0.032469 0.041312 0.049829 0.058052 0.066075 0.073866 0.081358 0.088556 0.095501 0.102215 0.108756 0.115244 0.121765 0.128269 0.134663 0.140900 0.146963 0.152829 0.158488 0.163960 0.169263 0.174392 0.179345 0.184159 0.188882 0.193553 0.198251 0.203104 0.208191 0.213439 0.218728 0.500000 0.500000 0.500000 0.500000 0.500000 0.500000 0.500000 0.500000 0.500000 0.500000 0.500000 0.500000 0.500000 0.500000 0.500000 0.500000 0.500000 0.500000 0.500000 0.500000 0.500000 0.500000 0.500000 0.500000 0.500000 0.500000 0.500000 0.500000 0.500000 0.336379 0.340580 0.344937 0.349361 0.353810 0.358229 0.362581 0.366863 0.371088 0.375252 0.379348 0.383373 0.387328 0.391209 0.395006 0.398716 0.402338 0.405879 0.409349 0.412753 0.416093 0.419366 0.422569 0.425704 0.428772 0.431771 0.434701 0.437560 0.440348 0.443065 0.445715 0.448302 0.450828 0.453290 0.455684
0.168124 0.027773 0.004005 0.011300 0.021341 0.031118 0.040468 0.049333 0.057852 0.066181 0.074262 0.081981 0.089311 0.096280 0.102940 0.109408 0.115896 0.122560 0.129284 0.135890 0.142282 0.148437 0.154350 0.160033 0.165520 0.170844 0.175989 0.180939 0.185707 0.190320 0.194825 0.199351 0.204137 0.209345 0.214821 0.220341 0.500000 0.500000 0.500000 0.500000 0.500000 0.500000 0.500000 0.500000 0.500000 0.500000 0.500000 0.500000 0.500000 0.500000 0.500000 0.500000 0.500000 0.500000 0.500000 0.500000 0.500000 0.500000 0.500000 0.500000 0.500000 0.500000 0.500000 0.500000 0.500000 0.337520 0.341970 0.346576 0.351183 0.355736 0.360207 0.364588 0.368899 0.373164 0.377372 0.381503 0.385552 0.389524 0.393413 0.397212 0.400921 0.404543 0.408085 0.411555 0.414959 0.418296 0.421567 0.424769 0.427899 0.430955 0.433937 0.436847 0.439689 0.442462 0.445166 0.447802 0.450378 0.452902 0.455367 0.457764
0.162026 0.021753 0.000180 0.009272 0.020399 0.030864 0.040615 0.049652 0.058308 0.066901 0.075269 0.083174 0.090591 0.097572 0.104149 0.110449 0.116859 0.123694 0.130685 0.137486 0.143997 0.150226 0.156174 0.161857 0.167345 0.172695 0.177867 0.182812 0.187536 0.192062 0.196394 0.200669 0.205322 0.210704 0.216479 0.222222 0.227802 0.500000 0.500000 0.500000 0.500000 0.500000 0.500000 0.500000 0.500000 0.500000 0.500000 0.500000 0.500000 0.500000 0.500000 0.500000 0.500000 0.500000 0.500000 0.500000 0.500000 0.500000 0.500000 0.500000 0.500000 0.500000 0.500000 0.500000 0.334620 0.338814 0.343606 0.348459 0.353206 0.357842 0.362353 0.366739 0.371055 0.375355 0.379607 0.383767 0.387831 0.391811 0.395703 0.399502 0.403209 0.406828 0.410368 0.413835 0.417232 0.420565 0.423834 0.427035 0.430161 0.433203 0.436167 0.439059 0.441886 0.444648 0.447341 0.449963 0.452529 0.455054 0.457525 0.459925
0.159926 0.020270 0.000000 0.009917 0.021464 0.032213 0.042132 0.051206 0.059885 0.068600 0.077106 0.085088 0.092535 0.099522 0.106058 0.112256 0.118609 0.125540 0.132676 0.139567 0.146127 0.152390 0.158356 0.164038 0.169526 0.174897 0.180090 0.185035 0.189745 0.194242 0.198500 0.202638 0.207212 0.212701 0.218643 0.224494 0.230133 0.235588 0.500000 0.500000 0.500000 0.500000 0.500000 0.500000 0.500000 0.500000 0.500000 0.500000 0.500000 0.500000 0.500000 0.500000 0.500000 0.500000 0.500000 0.500000 0.500000 0.500000 0.500000 0.500000 0.500000 0.500000 0.500000 0.333448 0.336492 0.340799 0.345778 0.350741 0.355538 0.360204 0.364727 0.369104 0.373412 0.377723 0.381992 0.386159 0.390222 0.394198 0.398084 0.401876 0.405577 0.409192 0.412727 0.416187 0.419577 0.422902 0.426163 0.429358 0.432476 0.435507 0.438458 0.441339 0.444156 0.446913 0.449600 0.452214 0.454775 0.457300 0.459772 0.462170
0.165278 0.026132 0.004811 0.013925 0.025052 0.035518 0.045267 0.054302 0.062955 0.071549 0.079916 0.087820 0.095239 0.102227 0.108813 0.115124 0.121546 0.128392 0.135395 0.142207 0.148731 0.154973 0.160935 0.166633 0.172136 0.177505 0.182697 0.187659 0.192402 0.196947 0.201302 0.205600 0.210276 0.215677 0.221471 0.227232 0.232829 0.238259 0.243520 0.500000 0.500000 0.500000 0.500000 0.500000 0.500000 0.500000 0.500000 0.500000 0.500000 0.500000 0.500000 0.500000 0.500000 0.500000 0.500000 0.500000 0.500000 0.500000 0.500000 0.500000 0.500000 0.500000 0.334006 0.336564 0.339722 0.343905 0.348683 0.353520 0.358252 0.362871 0.367366 0.371732 0.376029 0.380312 0.384548 0.388691 0.392735 0.396691 0.400558 0.404336 0.408027 0.411633 0.415160 0.418612 0.421993 0.425306 0.428552 0.431731 0.434837 0.437862 0.440811 0.443690 0.446507 0.449263 0.451952 0.454569 0.457131 0.459649 0.462110 0.464502
0.174627 0.036529 0.013265 0.020602 0.030644 0.040422 0.049771 0.058634 0.067151 0.075479 0.083559 0.091277 0.098611 0.105592 0.112269 0.118756 0.125266 0.131954 0.138704 0.145335 0.151753 0.157934 0.163874 0.169583 0.175101 0.180459 0.185642 0.190630 0.195437 0.200092 0.204642 0.209216 0.214046 0.219292 0.224805 0.230360 0.235835 0.241192 0.246413 0.251491 0.500000 0.500000 0.500000 0.500000 0.500000 0.500000 0.500000 0.500000 0.500000 0.500000 0.500000 0.500000 0.500000 0.500000 0.500000 0.500000 0.500000 0.500000 0.500000 0.500000 0.500000 0.334723 0.337472 0.340375 0.343722 0.347703 0.352124 0.356700 0.361275 0.365795 0.370230 0.374571 0.378844 0.383075 0.387252 0.391349 0.395360 0.399285 0.403125 0.406881 0.410555 0.414149 0.417666 0.421109 0.424480 0.427777 0.431004 0.434163 0.437254 0.440276 0.443229 0.446114 0.448936 0.451696 0.454389 0.457015 0.459580 0.462089 0.464536 0.466916
0.184050 0.047874 0.023332 0.028842 0.037491 0.046416 0.055259 0.063779 0.072004 0.080027 0.087815 0.095307 0.102511 0.109470 0.116204 0.122772 0.129292 0.135853 0.142399 0.148837 0.155112 0.161211 0.167112 0.172809 0.178324 0.183677 0.188861 0.193874 0.198751 0.203543 0.208284 0.213052 0.217969 0.223114 0.228416 0.233758 0.239074 0.244335 0.249501 0.254541 0.259457 0.500000 0.500000 0.500000 0.500000 0.500000 0.500000 0.500000 0.500000 0.500000 0.500000 0.500000 0.500000 0.500000 0.500000 0.500000 0.500000 0.500000 0.500000 0.500000 0.335231 0.338181 0.341182 0.344338 0.347797 0.351653 0.355810 0.360123 0.364500 0.368898 0.373261 0.377553 0.381778 0.385951 0.390068 0.394113 0.398081 0.401970 0.405780 0.409510 0.413162 0.416739 0.420244 0.423676 0.427034 0.430315 0.433523 0.436663 0.439742 0.442762 0.445719 0.448611 0.451438 0.454204 0.456904 0.459537 0.462103 0.464605 0.467042 0.469412
0.192841 0.058997 0.033867 0.037964 0.045322 0.053330 0.061522 0.069532 0.077344 0.085029 0.092542 0.099818 0.106879 0.113777 0.120496 0.127046 0.133513 0.139966 0.146363 0.152637 0.158773 0.164776 0.170615 0.176275 0.181771 0.187121 0.192320 0.197370 0.202317 0.207223 0.212097 0.216968 0.221917 0.227001 0.232171 0.237351 0.242521 0.247676 0.252766 0.257747 0.262617 0.267387 0.272055 0.500000 0.500000 0.500000 0.500000 0.500000 0.500000 0.500000 0.500000 0.500000 0.500000 0.500000 0.500000 0.500000 0.500000 0.500000 0.332493 0.335582 0.338658 0.341781 0.344973 0.348277 0.351791 0.355579 0.359576 0.363689 0.367885 0.372153 0.376425 0.380643 0.384804 0.388915 0.392974 0.396968 0.400892 0.404743 0.408519 0.412220 0.415847 0.419405 0.422894 0.426312 0.429656 0.432921 0.436112 0.439237 0.442305 0.445322 0.448282 0.451178 0.454011 0.456783 0.459490 0.462127 0.464694 0.467192 0.469622 0.471984
0.201278 0.069808 0.044445 0.047637 0.054040 0.061088 0.068428 0.075774 0.083091 0.090408 0.097658 0.104756 0.111686 0.118468 0.125090 0.131559 0.137938 0.144277 0.150546 0.156697 0.162718 0.168612 0.174362 0.179962 0.185427 0.190775 0.196003 0.201109 0.206127 0.211099 0.216033 0.220950 0.225905 0.230941 0.236024 0.241104 0.246167 0.251212 0.256201 0.261103 0.265915 0.270643 0.275281 0.279819 0.284245 0.500000 0.500000 0.500000 0.500000 0.500000 0.500000 0.500000 0.500000 0.500000 0.500000 0.500000 0.329325 0.332593 0.335828 0.339029 0.342231 0.345477 0.348785 0.352180 0.355727 0.359469 0.363364 0.367350 0.371413 0.375547 0.379700 0.383825 0.387911 0.391959 0.395962 0.399908 0.403789 0.407601 0.411341 0.415010 0.418611 0.422146 0.425616 0.429018 0.432345 0.435595 0.438773 0.441887 0.444946 0.447957 0.450915 0.453815 0.456653 0.459430 0.462141 0.464782 0.467351 0.469848 0.472273 0.474627
0.209197 0.080124 0.054821 0.057458 0.063157 0.069330 0.075775 0.082363 0.089117 0.096076 0.103108 0.110052 0.116841 0.123471 0.129943 0.136280 0.142538 0.148760 0.154919 0.160970 0.166892 0.172677 0.178324 0.183842 0.189264 0.194614 0.199880 0.205047 0.210120 0.215121 0.220067 0.224987 0.229929 0.234927 0.239955 0.244973 0.249958 0.254900 0.259780 0.264590 0.269335 0.274018 0.278629 0.283146 0.287557 0.291853 0.296037 0.300111 0.500000 0.500000 0.500000 0.500000 0.500000 0.322494 0.325918 0.329278 0.332608 0.335940 0.339267 0.342579 0.345888 0.349220 0.352594 0.356041 0.359606 0.363317 0.367146 0.371052 0.375017 0.379030 0.383059 0.387079 0.391083 0.395070 0.399025 0.402929 0.406768 0.410539 0.414240 0.417875 0.421447 0.424959 0.428410 0.431794 0.435105 0.438340 0.441502 0.444603 0.447652 0.450658 0.453615 0.456519 0.459363 0.462144 0.464859 0.467505 0.470075 0.472569 0.474989 0.477336
0.216496 0.089877 0.064897 0.067156 0.072280 0.077753 0.083426 0.089246 0.095395 0.102037 0.108899 0.115675 0.122282 0.128730 0.135025 0.141189 0.147294 0.153400 0.159464 0.165421 0.171248 0.176938 0.182486 0.187909 0.193272 0.198628 0.203936 0.209144 0.214245 0.219254 0.224189 0.229081 0.233991 0.238963 0.243960 0.248929 0.253846 0.258702 0.263485 0.268199 0.272868 0.277512 0.282099 0.286594 0.290981 0.295257 0.299424 0.303486 0.307446 0.311309 0.315076 0.318750 0.322337 0.325844 0.329268 0.332626 0.335977 0.339377 0.342797 0.346198 0.349585 0.352978 0.356394 0.359861 0.363426 0.367121 0.370914 0.374760 0.378645 0.382559 0.386482 0.390398 0.394316 0.398247 0.402162 0.406025 0.409824 0.413553 0.417213 0.420809 0.424350 0.427840 0.431274 0.434643 0.437938 0.441155 0.444298 0.447380 0.450417 0.453420 0.456381 0.459289 0.462137 0.464920 0.467639 0.470291 0.472864 0.475350 0.477759 0.480101
0.223639 0.099445 0.074815 0.076742 0.081380 0.086310 0.091395 0.096600 0.102220 0.108516 0.115127 0.121653 0.128016 0.134246 0.140341 0.146316 0.152256 0.158233 0.164188 0.170045 0.175780 0.181387 0.186857 0.192206 0.197516 0.202862 0.208180 0.213395 0.218497 0.223498 0.228414 0.233274 0.238148 0.243091 0.248053 0.252971 0.257826 0.262609 0.267316 0.271949 0.276549 0.281147 0.285700 0.290161 0.294515 0.298763 0.302909 0.306956 0.310909 0.314766 0.318529 0.322202 0.325793 0.329310 0.332745 0.336112 0.339488 0.342942 0.346426 0.349886 0.353322 0.356758 0.360203 0.363679 0.367237 0.370917 0.374679 0.378475 0.382292 0.386129 0.389967 0.393796 0.397636 0.401510 0.405379 0.409198 0.412953 0.416640 0.420260 0.423818 0.427326 0.430792 0.434208 0.437560 0.440838 0.444037 0.447163 0.450228 0.453252 0.456251 0.459213 0.462122 0.464969 0.467750 0.470469 0.473122 0.475695 0.478174 0.480574 0.482911
0.231096 0.109201 0.084733 0.086289 0.090510 0.095017 0.099711 0.104583 0.109852 0.115696 0.121848 0.127996 0.134051 0.140016 0.145890 0.151685 0.157464 0.163283 0.169095 0.174837 0.180482 0.186020 0.191444 0.196767 0.202052 0.207353 0.212622 0.217802 0.222878 0.227858 0.232757 0.237603 0.242453 0.247347 0.252248 0.257106 0.261900 0.266625 0.271275 0.275859 0.280406 0.284943 0.289434 0.293842 0.298153 0.302367 0.306488 0.310519 0.314460 0.318312 0.322076 0.325757 0.329361 0.332896 0.336361 0.339774 0.343192 0.346666 0.350165 0.353648 0.357113 0.360574 0.364040 0.367531 0.371087 0.374741 0.378460 0.382206 0.385968 0.389741 0.393516 0.397287 0.401069 0.404877 0.408680 0.412443 0.416150 0.419797 0.423382 0.426909 0.430386 0.433823 0.437212 0.440540 0.443799 0.446984 0.450099 0.453156 0.456172 0.459161 0.462113 0.465014 0.467853 0.470628 0.473338 0.475984 0.478551 0.481027 0.483426 0.485760
0.238523 0.118881 0.094540 0.095733 0.099595 0.103785 0.108228 0.112913 0.117920 0.123300 0.128921 0.134618 0.140312 0.145983 0.151620 0.157226 0.162839 0.168490 0.174149 0.179771 0.185329 0.190814 0.196214 0.201534 0.206802 0.212042 0.217235 0.222350 0.227379 0.232327 0.237205 0.242037 0.246860 0.251699 0.256532 0.261325 0.266064 0.270739 0.275346 0.279893 0.284396 0.288867 0.293286 0.297630 0.301891 0.306067 0.310158 0.314168 0.318096 0.321943 0.325710 0.329402 0.333025 0.336586 0.340092 0.343562 0.347024 0.350503 0.353991 0.357473 0.360946 0.364418 0.367897 0.371400 0.374954 0.378577 0.382251 0.385951 0.389665 0.393389 0.397116 0.400844 0.404579 0.408321 0.412054 0.415755 0.419411 0.423019 0.426573 0.430071 0.433520 0.436927 0.440285 0.443587 0.446824 0.449995 0.453101 0.456153 0.459162 0.462138 0.465075 0.467963 0.470791 0.473556 0.476256 0.478888 0.481446 0.483922 0.486321 0.488653
0.245532 0.128151 0.104068 0.104981 0.108548 0.112510 0.116770 0.121268 0.126012 0.131003 0.136166 0.141415 0.146722 0.152088 0.157475 0.162863 0.168288 0.173784 0.179312 0.184823 0.190303 0.195749 0.201134 0.206441 0.211679 0.216862 0.221980 0.227021 0.231988 0.236892 0.241738 0.246539 0.251322 0.256109 0.260884 0.265621 0.270308 0.274940 0.279508 0.284015 0.288471 0.292883 0.297238 0.301520 0.305726 0.309860 0.313919 0.317901 0.321812 0.325653 0.329424 0.333126 0.336766 0.340357 0.343904 0.347417 0.350910 0.354394 0.357872 0.361341 0.364806 0.368277 0.371759 0.375262 0.378806 0.382403 0.386042 0.389702 0.393376 0.397062 0.400751 0.404439 0.408126 0.411811 0.415484 0.419127 0.422734 0.426303 0.429825 0.433293 0.436714 0.440094 0.443426 0.446702 0.449916 0.453069 0.456163 0.459205 0.462205 0.465168 0.468092 0.470968 0.473787 0.476542 0.479231 0.481852 0.484399 0.486871 0.489268 0.491596
0.252146 0.136987 0.113271 0.114025 0.117384 0.121167 0.125253 0.129544 0.134026 0.138692 0.143482 0.148340 0.153277 0.158321 0.163427 0.168566 0.173789 0.179140 0.184566 0.189999 0.195422 0.200833 0.206192 0.211467 0.216662 0.221788 0.226838 0.231805 0.236704 0.241552 0.246350 0.251101 0.255836 0.260575 0.265302 0.269992 0.274634 0.279223 0.283751 0.288215 0.292623 0.296983 0.301282 0.305506 0.309659 0.313746 0.317765 0.321714 0.325602 0.329436 0.333212 0.336925 0.340584 0.344200 0.347777 0.351315 0.354825 0.358315 0.361788 0.365245 0.368697 0.372157 0.375627 0.379116 0.382643 0.386220 0.389833 0.393464 0.397107 0.400763 0.404419 0.408066 0.411706 0.415343 0.418963 0.422556 0.426119 0.429649 0.433135 0.436572 0.439965 0.443320 0.446628 0.449880 0.453072 0.456204 0.459281 0.462311 0.465299 0.468251 0.471163 0.474029 0.476840 0.479589 0.482270 0.484881 0.487419 0.489881 0.492271 0.494590
0.258486 0.145477 0.122183 0.122902 0.126152 0.129772 0.133661 0.137734 0.141970 0.146353 0.150837 0.155381 0.159993 0.164695 0.169466 0.174319 0.179328 0.184546 0.189907 0.195314 0.200712 0.206083 0.211392 0.216615 0.221754 0.226817 0.231800 0.236700 0.241530 0.246308 0.251038 0.255730 0.260411 0.265103 0.269788 0.274440 0.279043 0.283590 0.288075 0.292495 0.296859 0.301170 0.305418 0.309591 0.313691 0.317726 0.321694 0.325600 0.329461 0.333287 0.337073 0.340804 0.344483 0.348117 0.351707 0.355254 0.358769 0.362261 0.365733 0.369186 0.372627 0.376067 0.379511 0.382974 0.386478 0.390036 0.393633 0.397248 0.400872 0.404499 0.408120 0.411728 0.415326 0.418917 0.422492 0.426043 0.429565 0.433055 0.436505 0.439910 0.443275 0.446603 0.449887 0.453116 0.456285 0.459396 0.462454 0.465468 0.468445 0.471385 0.474288 0.477146 0.479951 0.482695 0.485373 0.487979 0.490507 0.492957 0.495329 0.497630
0.264493 0.153608 0.130835 0.131615 0.134813 0.138290 0.141983 0.145840 0.149845 0.153984 0.158214 0.162496 0.166820 0.171185 0.175592 0.180102 0.184866 0.189989 0.195348 0.200768 0.206156 0.211481 0.216726 0.221882 0.226953 0.231948 0.236863 0.241695 0.246455 0.251156 0.255805 0.260420 0.265039 0.269688 0.274342 0.278963 0.283530 0.288037 0.292478 0.296855 0.301175 0.305440 0.309641 0.313767 0.317819 0.321798 0.325707 0.329558 0.333384 0.337208 0.341012 0.344766 0.348462 0.352105 0.355695 0.359236 0.362746 0.366239 0.369713 0.373164 0.376594 0.380009 0.383417 0.386840 0.390313 0.393858 0.397452 0.401061 0.404667 0.408266 0.411851 0.415420 0.418978 0.422530 0.426068 0.429581 0.433065 0.436516 0.439930 0.443303 0.446639 0.449941 0.453201 0.456408 0.459556 0.462645 0.465681 0.468675 0.471636 0.474568 0.477466 0.480319 0.483119 0.485860 0.488538 0.491144 0.493665 0.496096 0.498443 0.500719
0.270206 0.161481 0.139332 0.140207 0.143353 0.146707 0.150227 0.153877 0.157664 0.161594 0.165611 0.169661 0.173727 0.177801 0.181863 0.185987 0.190469 0.195545 0.200959 0.206393 0.211747 0.217016 0.222193 0.227270 0.232261 0.237183 0.242027 0.246788 0.251474 0.256099 0.260664 0.265186 0.269728 0.274342 0.278977 0.283568 0.288096 0.292562 0.296961 0.301293 0.305567 0.309789 0.313948 0.318032 0.322038 0.325967 0.329817 0.333605 0.337389 0.341217 0.345046 0.348818 0.352522 0.356163 0.359745 0.363273 0.366772 0.370265 0.373741 0.377186 0.380601 0.383994 0.387366 0.390736 0.394167 0.397708 0.401309 0.404910 0.408495 0.412066 0.415617 0.419144 0.422662 0.426183 0.429689 0.433166 0.436612 0.440029 0.443411 0.446752 0.450058 0.453335 0.456573 0.459760 0.462887 0.465954 0.468966 0.471934 0.474875 0.477800 0.480697 0.483547 0.486341 0.489077 0.491754 0.494364 0.496882 0.499288 0.501604 0.503856
0.276095 0.169519 0.147906 0.148794 0.151845 0.155068 0.158428 0.161891 0.165483 0.169225 0.173053 0.176901 0.180756 0.184608 0.188421 0.192261 0.196514 0.201507 0.206892 0.212263 0.217531 0.222715 0.227804 0.232790 0.237692 0.242532 0.247300 0.251985 0.256598 0.261152 0.265644 0.270086 0.274557 0.279127 0.283728 0.288276 0.292757 0.297177 0.301531 0.305816 0.310043 0.314221 0.318339 0.322384 0.326352 0.330242 0.334051 0.337793 0.341544 0.345368 0.349203 0.352974 0.356672 0.360306 0.363877 0.367392 0.370881 0.374368 0.377838 0.381271 0.384670 0.388045 0.391391 0.394721 0.398118 0.401646 0.405239 0.408821 0.412378 0.415919 0.419434 0.422922 0.426402 0.429890 0.433364 0.436805 0.440214 0.443599 0.446952 0.450263 0.453541 0.456792 0.460007 0.463171 0.466277 0.469324 0.472314 0.475259 0.478179 0.481094 0.483984 0.486826 0.489610 0.492334 0.495002 0.497608 0.500118 0.502505 0.504800 0.507037
0.282592 0.178071 0.156722 0.157463 0.160354 0.163416 0.166613 0.169919 0.173347 0.176909 0.180557 0.184238 0.187938 0.191650 0.195361 0.199153 0.203322 0.208104 0.213244 0.218424 0.223543 0.228594 0.233565 0.238447 0.243254 0.248002 0.252683 0.257290 0.261834 0.266327 0.270766 0.275168 0.279594 0.284094 0.288618 0.293101 0.297524 0.301888 0.306190 0.310428 0.314609 0.318741 0.322817 0.326826 0.330764 0.334630 0.338425 0.342166 0.345909 0.349702 0.353499 0.357242 0.360921 0.364540 0.368102 0.371614 0.375096 0.378567 0.382017 0.385433 0.388817 0.392177 0.395513 0.398844 0.402230 0.405720 0.409266 0.412809 0.416332 0.419835 0.423316 0.426772 0.430219 0.433667 0.437100 0.440503 0.443879 0.447232 0.450556 0.453843 0.457095 0.460318 0.463503 0.466641 0.469725 0.472754 0.475730 0.478661 0.481567 0.484462 0.487331 0.490154 0.492920 0.495625 0.498272 0.500852 0.503343 0.505726 0.508023 0.510261
0.289302 0.186830 0.165648 0.166156 0.168840 0.171723 0.174762 0.177927 0.181211 0.184611 0.188097 0.191639 0.195229 0.198867 0.202569 0.206411 0.210549 0.215085 0.219897 0.224813 0.229734 0.234621 0.239453 0.244220 0.248924 0.253571 0.258161 0.262689 0.267166 0.271602 0.276002 0.280379 0.284767 0.289188 0.293619 0.298025 0.302383 0.306685 0.310930 0.315119 0.319255 0.323343 0.327377 0.331352 0.335267 0.339121 0.342919 0.346676 0.350420 0.354172 0.357911 0.361609 0.365258 0.368858 0.372410 0.375919 0.379394 0.382843 0.386266 0.389661 0.393029 0.396376 0.399711 0.403054 0.406437 0.409881 0.413366 0.416859 0.420341 0.423805 0.427251 0.430679 0.434094 0.437499 0.440887 0.444251 0.447594 0.450917 0.454215 0.457479 0.460708 0.463901 0.467055 0.470165 0.473226 0.476239 0.479205 0.482128 0.485022 0.487894 0.490735 0.493533 0.496275 0.498955 0.501571 0.504118 0.506586 0.508971 0.511280 0.513527
0.295784 0.195402 0.174475 0.174772 0.177239 0.179949 0.182842 0.185871 0.189021 0.192286 0.195641 0.199066 0.202569 0.206170 0.209876 0.213724 0.217794 0.222134 0.226680 0.231335 0.236036 0.240749 0.245439 0.250081 0.254673 0.259218 0.263714 0.268161 0.272570 0.276953 0.281311 0.285650 0.289989 0.294340 0.298690 0.303019 0.307308 0.311550 0.315740 0.319878 0.323969 0.328016 0.332016 0.335960 0.339853 0.343700 0.347501 0.351265 0.355001 0.358718 0.362407 0.366057 0.369668 0.373246 0.376786 0.380284 0.383744 0.387170 0.390566 0.393935 0.397283 0.400618 0.403949 0.407291 0.410660 0.414067 0.417502 0.420946 0.424384 0.427811 0.431223 0.434619 0.438001 0.441366 0.444713 0.448039 0.451348 0.454645 0.457918 0.461159 0.464363 0.467530 0.470656 0.473738 0.476777 0.479776 0.482732 0.485646 0.488526 0.491376 0.494193 0.496965 0.499682 0.502331 0.504915 0.507432 0.509882 0.512262 0.514576 0.516831
0.302000 0.203694 0.183101 0.183251 0.185534 0.188088 0.190842 0.193739 0.196767 0.199922 0.203175 0.206509 0.209943 0.213506 0.217186 0.220988 0.224964 0.229149 0.233493 0.237927 0.242421 0.246960 0.251501 0.256011 0.260486 0.264927 0.269332 0.273699 0.278040 0.282365 0.286672 0.290960 0.295241 0.299527 0.303807 0.308065 0.312288 0.316472 0.320609 0.324699 0.328747 0.332760 0.336730 0.340649 0.344522 0.348358 0.352153 0.355909 0.359629 0.363317 0.366968 0.370576 0.374150 0.377702 0.381220 0.384697 0.388134 0.391535 0.394904 0.398247 0.401572 0.404891 0.408210 0.411536 0.414883 0.418259 0.421656 0.425058 0.428455 0.431844 0.435222 0.438585 0.441932 0.445263 0.448575 0.451869 0.455148 0.458416 0.461663 0.464877 0.468056 0.471198 0.474300 0.477360 0.480380 0.483366 0.486312 0.489215 0.492079 0.494909 0.497701 0.500447 0.503136 0.505757 0.508311 0.510804 0.513236 0.515606 0.517916 0.520171
0.308021 0.211732 0.191500 0.191573 0.193730 0.196144 0.198758 0.201530 0.204450 0.207513 0.210692 0.213967 0.217347 0.220850 0.224465 0.228194 0.232071 0.236120 0.240300 0.244560 0.248879 0.253245 0.257626 0.261998 0.266352 0.270691 0.275007 0.279300 0.283572 0.287832 0.292076 0.296305 0.300527 0.304749 0.308963 0.313157 0.317320 0.321446 0.325532 0.329578 0.333590 0.337572 0.341517 0.345418 0.349275 0.353092 0.356867 0.360602 0.364300 0.367962 0.371584 0.375164 0.378708 0.382224 0.385707 0.389152 0.392560 0.395934 0.399276 0.402593 0.405895 0.409191 0.412487 0.415790 0.419111 0.422458 0.425823 0.429190 0.432552 0.435905 0.439246 0.442573 0.445886 0.449188 0.452475 0.455746 0.459000 0.462237 0.465450 0.468631 0.471782 0.474902 0.477988 0.481034 0.484042 0.487015 0.489949 0.492840 0.495688 0.498495 0.501259 0.503974 0.506633 0.509228 0.511761 0.514234 0.516647 0.519002 0.521300 0.523547
0.313803 0.219489 0.199661 0.199716 0.201793 0.204093 0.206578 0.209230 0.212051 0.215043 0.218173 0.221408 0.224739 0.228168 0.231696 0.235334 0.239108 0.243035 0.247080 0.251199 0.255369 0.259575 0.263798 0.268027 0.272260 0.276499 0.280733 0.284953 0.289155 0.293343 0.297517 0.301679 0.305838 0.309999 0.314155 0.318292 0.322402 0.326474 0.330509 0.334510 0.338486 0.342442 0.346369 0.350257 0.354098 0.357892 0.361639 0.365345 0.369015 0.372652 0.376252 0.379809 0.383326 0.386804 0.390246 0.393651 0.397024 0.400366 0.403681 0.406971 0.410245 0.413512 0.416777 0.420048 0.423339 0.426660 0.430000 0.433342 0.436675 0.439996 0.443300 0.446587 0.449865 0.453144 0.456414 0.459667 0.462898 0.466103 0.469278 0.472422 0.475541 0.478643 0.481719 0.484758 0.487757 0.490717 0.493637 0.496515 0.499347 0.502128 0.504860 0.507543 0.510173 0.512746 0.515261 0.517718 0.520113 0.522448 0.524726 0.526960
0.319335 0.226977 0.207604 0.207677 0.209699 0.211918 0.214302 0.216842 0.219570 0.222513 0.225613 0.228809 0.232083 0.235439 0.238878 0.242411 0.246076 0.249896 0.253830 0.257826 0.261863 0.265930 0.270011 0.274098 0.278207 0.282353 0.286511 0.290655 0.294780 0.298892 0.302991 0.307078 0.311169 0.315274 0.319381 0.323470 0.327531 0.331555 0.335540 0.339493 0.343430 0.347366 0.351282 0.355156 0.358980 0.362753 0.366472 0.370143 0.373780 0.377393 0.380972 0.384506 0.387993 0.391435 0.394834 0.398196 0.401527 0.404838 0.408123 0.411382 0.414622 0.417855 0.421084 0.424314 0.427569 0.430869 0.434193 0.437516 0.440827 0.444121 0.447392 0.450638 0.453881 0.457142 0.460401 0.463634 0.466837 0.470011 0.473151 0.476256 0.479343 0.482428 0.485497 0.488530 0.491520 0.494464 0.497368 0.500233 0.503047 0.505799 0.508498 0.511152 0.513758 0.516308 0.518805 0.521247 0.523627 0.525938 0.528194 0.530410
0.324773 0.234330 0.215396 0.215486 0.217467 0.219634 0.221953 0.224416 0.227073 0.229969 0.233030 0.236173 0.239384 0.242669 0.246024 0.249460 0.253020 0.256738 0.260567 0.264448 0.268365 0.272312 0.276271 0.280233 0.284226 0.288276 0.292348 0.296405 0.300447 0.304479 0.308500 0.312511 0.316533 0.320582 0.324639 0.328682 0.332699 0.336682 0.340627 0.344540 0.348445 0.352361 0.356262 0.360120 0.363926 0.367677 0.371371 0.375012 0.378616 0.382202 0.385756 0.389261 0.392715 0.396121 0.399480 0.402798 0.406087 0.409360 0.412610 0.415832 0.419034 0.422230 0.425421 0.428612 0.431834 0.435112 0.438419 0.441724 0.445016 0.448291 0.451536 0.454753 0.457968 0.461210 0.464450 0.467657 0.470829 0.473972 0.477079 0.480148 0.483205 0.486270 0.489324 0.492343 0.495319 0.498246 0.501133 0.503980 0.506774 0.509498 0.512167 0.514795 0.517377 0.519905 0.522381 0.524807 0.527171 0.529462 0.531697 0.533896
0.330268 0.241668 0.223091 0.223167 0.225116 0.227254 0.229551 0.231996 0.234622 0.237455 0.240440 0.243512 0.246654 0.249868 0.253150 0.256510 0.259983 0.263593 0.267306 0.271076 0.274885 0.278726 0.282582 0.286448 0.290344 0.294285 0.298248 0.302205 0.306154 0.310099 0.314041 0.317982 0.321939 0.325926 0.329927 0.333922 0.337898 0.341849 0.345770 0.349665 0.353551 0.357441 0.361316 0.365152 0.368937 0.372667 0.376340 0.379960 0.383542 0.387095 0.390612 0.394083 0.397501 0.400869 0.404189 0.407467 0.410716 0.413943 0.417147 0.420326 0.423487 0.426643 0.429798 0.432962 0.436159 0.439407 0.442687 0.445972 0.449248 0.452508 0.455742 0.458952 0.462156 0.465369 0.468573 0.471746 0.474884 0.477992 0.481066 0.484110 0.487140 0.490175 0.493199 0.496193 0.499146 0.502056 0.504924 0.507749 0.510518 0.513218 0.515864 0.518466 0.521022 0.523526 0.525980 0.528385 0.530730 0.533008 0.535231 0.537417
0.335683 0.248889 0.230650 0.230709 0.232634 0.234773 0.237084 0.239546 0.242160 0.244931 0.247830 0.250822 0.253891 0.257033 0.260245 0.263536 0.266927 0.270434 0.274035 0.277699 0.281409 0.285157 0.288927 0.292714 0.296520 0.300351 0.304195 0.308041 0.311889 0.315743 0.319603 0.323473 0.327366 0.331290 0.335235 0.339183 0.343125 0.347053 0.350962 0.354851 0.358725 0.362590 0.366436 0.370246 0.374009 0.377718 0.381373 0.384980 0.388541 0.392061 0.395538 0.398968 0.402348 0.405676 0.408957 0.412196 0.415402 0.418580 0.421730 0.424858 0.427972 0.431085 0.434205 0.437342 0.440514 0.443733 0.446985 0.450251 0.453515 0.456768 0.460003 0.463219 0.466416 0.469599 0.472759 0.475892 0.478993 0.482064 0.485105 0.488123 0.491129 0.494130 0.497118 0.500081 0.503008 0.505897 0.508746 0.511547 0.514290 0.516968 0.519590 0.522167 0.524697 0.527178 0.529611 0.531994 0.534320 0.536585 0.538797 0.540970
0.340871 0.255870 0.238022 0.238098 0.240023 0.242192 0.244542 0.247023 0.249626 0.252351 0.255181 0.258096 0.261088 0.264156 0.267294 0.270507 0.273815 0.277233 0.280740 0.284307 0.287925 0.291591 0.295286 0.298994 0.302712 0.306439 0.310170 0.313902 0.317642 0.321400 0.325173 0.328964 0.332788 0.336656 0.340555 0.344465 0.348379 0.352295 0.356200 0.360083 0.363944 0.367788 0.371608 0.375392 0.379133 0.382824 0.386465 0.390057 0.393598 0.397087 0.400524 0.403912 0.407248 0.410533 0.413773 0.416971 0.420133 0.423260 0.426354 0.429423 0.432482 0.435548 0.438627 0.441728 0.444869 0.448065 0.451301 0.454554 0.457812 0.461067 0.464309 0.467528 0.470718 0.473873 0.476995 0.480084 0.483145 0.486178 0.489186 0.492172 0.495146 0.498116 0.501074 0.504008 0.506910 0.509777 0.512604 0.515382 0.518100 0.520753 0.523350 0.525901 0.528407 0.530867 0.533281 0.535646 0.537954 0.540201 0.542397 0.544554
0.345852 0.262616 0.245208 0.245363 0.247332 0.249551 0.251940 0.254433 0.257023 0.259712 0.262487 0.265334 0.268249 0.271238 0.274296 0.277425 0.280650 0.283989 0.287418 0.290905 0.294443 0.298032 0.301651 0.305277 0.308907 0.312538 0.316166 0.319790 0.323421 0.327075 0.330748 0.334448 0.338199 0.342017 0.345884 0.349772 0.353673 0.357583 0.361482 0.365355 0.369202 0.373026 0.376823 0.380586 0.384307 0.387982 0.391609 0.395185 0.398704 0.402162 0.405561 0.408903 0.412193 0.415432 0.418627 0.421783 0.424901 0.427980 0.431022 0.434034 0.437034 0.440042 0.443064 0.446113 0.449217 0.452397 0.455631 0.458888 0.462151 0.465414 0.468660 0.471876 0.475053 0.478186 0.481275 0.484326 0.487344 0.490337 0.493304 0.496251 0.499190 0.502130 0.505063 0.507974 0.510855 0.513700 0.516503 0.519257 0.521950 0.524576 0.527146 0.529671 0.532152 0.534592 0.536987 0.539335 0.541626 0.543853 0.546030 0.548169
0.350676 0.269167 0.252241 0.252555 0.254626 0.256897 0.259305 0.261798 0.264371 0.267026 0.269754 0.272541 0.275385 0.278288 0.281255 0.284298 0.287445 0.290713 0.294079 0.297507 0.300979 0.304490 0.308023 0.311564 0.315107 0.318649 0.322186 0.325715 0.329243 0.332778 0.336330 0.339923 0.343595 0.347372 0.351227 0.355119 0.359022 0.362925 0.366809 0.370665 0.374494 0.378300 0.382078 0.385822 0.389527 0.393188 0.396802 0.400362 0.403859 0.407284 0.410642 0.413936 0.417176 0.420367 0.423516 0.426627 0.429702 0.432740 0.435741 0.438707 0.441648 0.444581 0.447520 0.450496 0.453555 0.456724 0.459976 0.463262 0.466550 0.469822 0.473065 0.476269 0.479429 0.482541 0.485605 0.488623 0.491601 0.494547 0.497463 0.500362 0.503260 0.506170 0.509081 0.511977 0.514842 0.517667 0.520446 0.523172 0.525836 0.528436 0.530979 0.533476 0.535932 0.538349 0.540725 0.543053 0.545325 0.547535 0.549695 0.551816
0.355297 0.275528 0.259170 0.259707 0.261906 0.264232 0.266648 0.269130 0.271679 0.274301 0.276986 0.279718 0.282493 0.285311 0.288181 0.291127 0.294192 0.297404 0.300727 0.304111 0.307526 0.310959 0.314404 0.317857 0.321315 0.324777 0.328234 0.331678 0.335107 0.338521 0.341934 0.345391 0.348970 0.352723 0.356599 0.360516 0.364429 0.368320 0.372183 0.376014 0.379820 0.383608 0.387370 0.391100 0.394789 0.398437 0.402040 0.405590 0.409066 0.412455 0.415764 0.419009 0.422200 0.425344 0.428446 0.431510 0.434541 0.437544 0.440512 0.443440 0.446327 0.449178 0.452011 0.454880 0.457874 0.461052 0.464355 0.467693 0.471013 0.474294 0.477529 0.480716 0.483854 0.486945 0.489986 0.492974 0.495914 0.498808 0.501665 0.504502 0.507352 0.510237 0.513137 0.516023 0.518874 0.521679 0.524434 0.527131 0.529767 0.532338 0.534851 0.537317 0.539745 0.542138 0.544494 0.546804 0.549058 0.551252 0.553394 0.555497
0.359789 0.281838 0.266136 0.266898 0.269195 0.271565 0.273988 0.276447 0.278960 0.281549 0.284194 0.286872 0.289579 0.292321 0.295098 0.297935 0.300909 0.304078 0.307377 0.310722 0.314079 0.317441 0.320803 0.324167 0.327541 0.330933 0.334321 0.337686 0.341022 0.344328 0.347606 0.350902 0.354367 0.358123 0.362049 0.365992 0.369902 0.373777 0.377614 0.381411 0.385186 0.388955 0.392704 0.396417 0.400090 0.403721 0.407314 0.410859 0.414319 0.417664 0.420919 0.424117 0.427267 0.430369 0.433424 0.436439 0.439430 0.442404 0.445347 0.448241 0.451079 0.453861 0.456589 0.459321 0.462226 0.465439 0.468824 0.472214 0.475554 0.478839 0.482065 0.485229 0.488339 0.491405 0.494420 0.497379 0.500280 0.503126 0.505921 0.508687 0.511482 0.514351 0.517250 0.520124 0.522954 0.525735 0.528464 0.531136 0.533744 0.536283 0.538761 0.541193 0.543590 0.545959 0.548296 0.550591 0.552832 0.555008 0.557131 0.559215
0.364659 0.288555 0.273396 0.274268 0.276586 0.278956 0.281362 0.283785 0.286253 0.288798 0.291397 0.294020 0.296666 0.299344 0.302048 0.304798 0.307692 0.310811 0.314069 0.317359 0.320653 0.323945 0.327232 0.330515 0.333813 0.337137 0.340461 0.343755 0.347017 0.350244 0.353427 0.356610 0.359987 0.363727 0.367661 0.371592 0.375476 0.379321 0.383123 0.386883 0.390623 0.394365 0.398091 0.401780 0.405427 0.409034 0.412607 0.416135 0.419573 0.422878 0.426089 0.429249 0.432366 0.435434 0.438453 0.441432 0.444390 0.447341 0.450264 0.453132 0.455938 0.458680 0.461348 0.463994 0.466836 0.470060 0.473481 0.476881 0.480211 0.483480 0.486686 0.489822 0.492900 0.495933 0.498916 0.501842 0.504708 0.507514 0.510262 0.512974 0.515722 0.518565 0.521446 0.524294 0.527090 0.529838 0.532535 0.535177 0.537755 0.540261 0.542706 0.545106 0.547473 0.549816 0.552132 0.554411 0.556637 0.558796 0.560903 0.562971
0.370357 0.296045 0.281126 0.281909 0.284149 0.286451 0.288797 0.291168 0.293586 0.296072 0.298610 0.301177 0.303771 0.306400 0.309061 0.311777 0.314625 0.317664 0.320830 0.324038 0.327258 0.330480 0.333700 0.336918 0.340150 0.343405 0.346662 0.349900 0.353111 0.356294 0.359453 0.362636 0.365996 0.369654 0.373488 0.377344 0.381172 0.384966 0.388725 0.392449 0.396153 0.399855 0.403539 0.407189 0.410800 0.414372 0.417907 0.421392 0.424790 0.428071 0.431262 0.434398 0.437489 0.440533 0.443533 0.446496 0.449438 0.452370 0.455274 0.458127 0.460925 0.463665 0.466351 0.469036 0.471893 0.475056 0.478391 0.481727 0.485010 0.488236 0.491402 0.494502 0.497544 0.500537 0.503480 0.506369 0.509203 0.511982 0.514710 0.517408 0.520131 0.522923 0.525743 0.528536 0.531285 0.533988 0.536643 0.539245 0.541786 0.544262 0.546681 0.549056 0.551398 0.553716 0.556005 0.558258 0.560462 0.562610 0.564708 0.566768
0.376439 0.303952 0.289158 0.289738 0.291824 0.294013 0.296270 0.298574 0.300931 0.303350 0.305822 0.308332 0.310881 0.313472 0.316110 0.318814 0.321629 0.324580 0.327635 0.330747 0.333885 0.337037 0.340194 0.343356 0.346529 0.349720 0.352917 0.356107 0.359285 0.362452 0.365627 0.368855 0.372221 0.375779 0.379472 0.383217 0.386965 0.390697 0.394405 0.398089 0.401755 0.405407 0.409040 0.412641 0.416207 0.419735 0.423221 0.426651 0.430005 0.433266 0.436446 0.439566 0.442639 0.445670 0.448661 0.451620 0.454556 0.457474 0.460363 0.463212 0.466018 0.468787 0.471535 0.474311 0.477208 0.480287 0.483488 0.486719 0.489926 0.493091 0.496203 0.499260 0.502262 0.505211 0.508110 0.510959 0.513763 0.516523 0.519245 0.521944 0.524649 0.527380 0.530121 0.532846 0.535537 0.538188 0.540793 0.543348 0.545849 0.548295 0.550690 0.553042 0.555361 0.557651 0.559911 0.562135 0.564316 0.566452 0.568546 0.570602
0.382407 0.311822 0.297244 0.297624 0.299524 0.301583 0.303744 0.305968 0.308253 0.310605 0.313015 0.315472 0.317977 0.320537 0.323152 0.325834 0.328606 0.331482 0.334445 0.337464 0.340521 0.343601 0.346695 0.349801 0.352921 0.356059 0.359207 0.362356 0.365508 0.368673 0.371864 0.375112 0.378462 0.381944 0.385527 0.389163 0.392822 0.396488 0.400144 0.403781 0.407399 0.411001 0.414582 0.418133 0.421650 0.425129 0.428564 0.431946 0.435260 0.438495 0.441659 0.444765 0.447826 0.450848 0.453835 0.456791 0.459722 0.462632 0.465515 0.468365 0.471189 0.473998 0.476807 0.479645 0.482560 0.485580 0.488676 0.491802 0.494922 0.498017 0.501074 0.504081 0.507039 0.509945 0.512801 0.515611 0.518383 0.521124 0.523837 0.526525 0.529204 0.531883 0.534556 0.537213 0.539841 0.542436 0.544989 0.547498 0.549959 0.552372 0.554738 0.557064 0.559356 0.561618 0.563849 0.566046 0.568206 0.570327 0.572412 0.574462
0.388192 0.319529 0.305247 0.305482 0.307216 0.309144 0.311201 0.313335 0.315542 0.317827 0.320180 0.322589 0.325054 0.327580 0.330165 0.332812 0.335536 0.338347 0.341233 0.344173 0.347153 0.350163 0.353195 0.356245 0.359315 0.362408 0.365517 0.368633 0.371765 0.374925 0.378119 0.381359 0.384680 0.388105 0.391609 0.395157 0.398733 0.402333 0.405933 0.409518 0.413085 0.416636 0.420164 0.423664 0.427131 0.430561 0.433949 0.437287 0.440564 0.443772 0.446914 0.450004 0.453053 0.456067 0.459049 0.462000 0.464928 0.467837 0.470722 0.473582 0.476427 0.479272 0.482122 0.484989 0.487902 0.490881 0.493904 0.496942 0.499979 0.503005 0.506002 0.508958 0.511868 0.514731 0.517547 0.520320 0.523060 0.525778 0.528470 0.531135 0.533780 0.536413 0.539031 0.541626 0.544195 0.546732 0.549234 0.551697 0.554119 0.556495 0.558829 0.561125 0.563387 0.565618 0.567818 0.569989 0.572127 0.574230 0.576302 0.578344
0.393851 0.327078 0.313125 0.313278 0.314889 0.316688 0.318625 0.320662 0.322790 0.325012 0.327314 0.329682 0.332111 0.334599 0.337144 0.339747 0.342421 0.345171 0.347990 0.350862 0.353775 0.356721 0.359691 0.362687 0.365710 0.368761 0.371837 0.374931 0.378046 0.381192 0.384371 0.387594 0.390885 0.394262 0.397704 0.401185 0.404695 0.408229 0.411770 0.415302 0.418818 0.422314 0.425787 0.429233 0.432650 0.436034 0.439378 0.442675 0.445917 0.449096 0.452216 0.455289 0.458324 0.461325 0.464298 0.467244 0.470170 0.473083 0.475980 0.478860 0.481729 0.484597 0.487468 0.490347 0.493251 0.496192 0.499155 0.502124 0.505089 0.508047 0.510982 0.513883 0.516745 0.519565 0.522343 0.525084 0.527794 0.530479 0.533139 0.535771 0.538381 0.540971 0.543539 0.546082 0.548595 0.551078 0.553527 0.555944 0.558324 0.560663 0.562963 0.565227 0.567458 0.569655 0.571822 0.573962 0.576075 0.578158 0.580214 0.582245
0.399345 0.334435 0.320847 0.320967 0.322492 0.324178 0.325998 0.327934 0.329983 0.332147 0.334407 0.336741 0.339134 0.341579 0.344077 0.346633 0.349257 0.351952 0.354711 0.357525 0.360380 0.363266 0.366179 0.369119 0.372095 0.375112 0.378164 0.381239 0.384337 0.387460 0.390614 0.393810 0.397069 0.400405 0.403799 0.407229 0.410684 0.414159 0.417642 0.421121 0.424586 0.428026 0.431441 0.434834 0.438202 0.441543 0.444848 0.448108 0.451316 0.454466 0.457562 0.460615 0.463633 0.466619 0.469578 0.472515 0.475440 0.478362 0.481278 0.484182 0.487074 0.489957 0.492836 0.495717 0.498608 0.501514 0.504426 0.507336 0.510240 0.513133 0.516007 0.518853 0.521665 0.524442 0.527185 0.529895 0.532573 0.535221 0.537841 0.540435 0.543005 0.545553 0.548077 0.550573 0.553037 0.555466 0.557863 0.560232 0.562569 0.564871 0.567138 0.569370 0.571567 0.573729 0.575860 0.577966 0.580049 0.582111 0.584152 0.586170
0.404655 0.341595 0.328411 0.328526 0.329985 0.331585 0.333307 0.335144 0.337114 0.339229 0.341456 0.343756 0.346111 0.348511 0.350960 0.353465 0.356039 0.358688 0.361401 0.364162 0.366964 0.369799 0.372659 0.375543 0.378472 0.381464 0.384499 0.387554 0.390628 0.393726 0.396849 0.400006 0.403225 0.406527 0.409887 0.413274 0.416680 0.420101 0.423531 0.426960 0.430374 0.433759 0.437120 0.440460 0.443781 0.447078 0.450346 0.453575 0.456754 0.459874 0.462944 0.465975 0.468976 0.471949 0.474895 0.477818 0.480738 0.483673 0.486611 0.489535 0.492443 0.495336 0.498220 0.501098 0.503972 0.506845 0.509714 0.512572 0.515421 0.518256 0.521073 0.523862 0.526624 0.529361 0.532070 0.534746 0.537389 0.539997 0.542575 0.545126 0.547654 0.550160 0.552642 0.555094 0.557511 0.559891 0.562238 0.564558 0.566850 0.569115 0.571349 0.573549 0.575714 0.577842 0.579937 0.582005 0.584056 0.586098 0.588124 0.590128
0.409886 0.348646 0.335856 0.335966 0.337368 0.338901 0.340550 0.342311 0.344213 0.346279 0.348466 0.350726 0.353037 0.355393 0.357796 0.360256 0.362785 0.365393 0.368065 0.370781 0.373537 0.376329 0.379146 0.381986 0.384876 0.387842 0.390855 0.393884 0.396929 0.399999 0.403090 0.406208 0.409387 0.412653 0.415977 0.419321 0.422679 0.426049 0.429427 0.432804 0.436167 0.439501 0.442811 0.446103 0.449378 0.452633 0.455862 0.459060 0.462211 0.465306 0.468353 0.471367 0.474355 0.477320 0.480259 0.483173 0.486089 0.489034 0.491986 0.494922 0.497837 0.500737 0.503621 0.506490 0.509345 0.512189 0.515019 0.517832 0.520630 0.523413 0.526176 0.528912 0.531624 0.534319 0.536992 0.539632 0.542237 0.544806 0.547342 0.549850 0.552334 0.554798 0.557237 0.559645 0.562017 0.564351 0.566651 0.568924 0.571173 0.573399 0.575598 0.577765 0.579897 0.581994 0.584057 0.586091 0.588110 0.590129 0.592136 0.594120
0.415141 0.355670 0.343219 0.343302 0.344649 0.346129 0.347730 0.349449 0.351306 0.353315 0.355441 0.357646 0.359911 0.362225 0.364591 0.367016 0.369510 0.372079 0.374710 0.377388 0.380108 0.382866 0.385654 0.388472 0.391337 0.394266 0.397239 0.400234 0.403249 0.406289 0.409351 0.412442 0.415586 0.418805 0.422077 0.425373 0.428681 0.432000 0.435323 0.438644 0.441954 0.445243 0.448509 0.451757 0.454988 0.458199 0.461388 0.464549 0.467672 0.470747 0.473783 0.476789 0.479773 0.482736 0.485675 0.488595 0.491517 0.494462 0.497413 0.500349 0.503266 0.506163 0.509041 0.511897 0.514733 0.517549 0.520344 0.523116 0.525869 0.528603 0.531315 0.534002 0.536667 0.539317 0.541946 0.544545 0.547111 0.549643 0.552142 0.554610 0.557051 0.559470 0.561863 0.564226 0.566553 0.568843 0.571100 0.573330 0.575539 0.577725 0.579887 0.582019 0.584119 0.586186 0.588221 0.590231 0.592225 0.594214 0.596191 0.598146
0.420332 0.362598 0.350472 0.350524 0.351821 0.353264 0.354835 0.356531 0.358357 0.360310 0.362373 0.364520 0.366734 0.369009 0.371343 0.373739 0.376202 0.378735 0.381330 0.383976 0.386667 0.389401 0.392172 0.394978 0.397824 0.400714 0.403641 0.406596 0.409578 0.412587 0.415622 0.418688 0.421800 0.424969 0.428184 0.431426 0.434684 0.437950 0.441219 0.444485 0.447743 0.450988 0.454216 0.457424 0.460613 0.463782 0.466928 0.470051 0.473144 0.476204 0.479235 0.482242 0.485227 0.488193 0.491139 0.494070 0.496999 0.499939 0.502882 0.505814 0.508727 0.511617 0.514483 0.517324 0.520138 0.522927 0.525690 0.528426 0.531137 0.533824 0.536487 0.539126 0.541746 0.544349 0.546931 0.549487 0.552014 0.554510 0.556973 0.559402 0.561802 0.564176 0.566521 0.568837 0.571118 0.573364 0.575579 0.577770 0.579940 0.582087 0.584209 0.586305 0.588373 0.590412 0.592424 0.594413 0.596384 0.598342 0.600284 0.602205
0.425366 0.369351 0.357575 0.357616 0.358878 0.360299 0.361854 0.363531 0.365327 0.367239 0.369251 0.371344 0.373510 0.375746 0.378047 0.380411 0.382844 0.385349 0.387918 0.390537 0.393206 0.395925 0.398685 0.401478 0.404302 0.407159 0.410044 0.412957 0.415900 0.418878 0.421887 0.424924 0.428000 0.431124 0.434287 0.437477 0.440684 0.443902 0.447121 0.450337 0.453545 0.456747 0.459937 0.463109 0.466259 0.469384 0.472488 0.475573 0.478639 0.481686 0.484714 0.487723 0.490714 0.493686 0.496639 0.499576 0.502509 0.505446 0.508382 0.511309 0.514216 0.517097 0.519949 0.522771 0.525563 0.528325 0.531056 0.533758 0.536430 0.539071 0.541687 0.544280 0.546853 0.549410 0.551946 0.554460 0.556947 0.559405 0.561831 0.564224 0.566583 0.568911 0.571209 0.573477 0.575711 0.577911 0.580083 0.582236 0.584368 0.586477 0.588561 0.590621 0.592656 0.594668 0.596657 0.598624 0.600571 0.602500 0.604408 0.606293
